post_time,title,url,content
2019-03-12,关于开展2018年度全国创业风险投资机构统计调查的通知,http://www.cstc.gov.cn/View.aspx?id=25988,各投资机构：　　  为加快推动我国创业风险投资业的健康持续发展，助推发展战略性新兴产业，支撑和引领经济发展方式转变，重庆市科技创业投资协会受国家科技部委托，按照科技部（国科办函[2019]94号）文件要求，根据《国家统计局关于批准执行全国科普等十一项统计制度的函》（国统制[2018] 196号），本项调查工作列为国家科技专项统计，统计数据正式编入《中国科技统计年鉴》。现将有关事项通知如下：　　一、调查对象　　在重庆市内注册登记，专业从事创业风险投资业务的创业风　　险投资机构和创业风险投资管理顾问(以下统称“创投机构”)。　　二、调查方式　　我市投资机构调查通过网络填报的方式开展，请各创投机构　　安排专人负责本次调查工作的填报等相关事宜，填报网址:http://ivcc.casted.org.cn/（中国创业风险投资信息系统）,操作指南详见附件。　　三、统计时间　　各投资机构填报内容以2018年1月1日至2018年12月31日期间发生的经营情况数据为准。　　四、调查时间　　本次调查将于2019年1月29日正式启动，于3月20日结束系统填报。　　　　五、联系方式　　联系人：谭轩嘉　　联系电话：023-67538959、13650546647
2019-01-30,关于申报2019年重庆市技术创新与应用发展专项项目（高新领域）的通知,http://www.cstc.gov.cn/View.aspx?id=25936,各有关单位：　　为全面贯彻落实党的十九大和习近平总书记关于加强关键核心技术攻关的系列讲话精神，围绕《重庆市以大数据智能化为引领的创新驱动发展战略行动计划（2018-2020年）》重点工作部署，结合我市先进制造、电子信息、新材料、新能源、现代服务业等领域的技术创新需求，以方向引领和目标导向相结合，加快实现核心关键技术自主可控，支撑经济高质量发展，根据年度工作安排，现启动2019年重庆市技术创新与应用发展专项项目（高新领域）申报工作。具体事项通知如下：　　一、内涵定位　　技术创新与应用发展专项坚持应用导向和问题导向，强化企业技术创新的主体作用和产学研协同创新，促进科技成果转化应用，为推动高质量发展和创造高品质生活提供科技支撑。其中，面上项目主要面向产业发展需求开展技术研发与应用，突出方向引领，侧重面上培育和布局；重点项目主要聚焦重点产业领域关键核心技术瓶颈问题，开展产学研协同创新，强化技术集成和规模化应用，突出新技术、新工艺（方法）、新产品在产业发展中的支撑引领作用。　　二、项目类别、申报主体与资助强度　　（一）项目类别：项目分为面上项目（申报指南见附件1）、重点项目（申报指南见附件2）两个类别，其中，重点项目分为方向引领类和目标导向类。　　（二）申报主体：企业牵头申报的项目，鼓励产学研单位联合申报；高校、科研院所牵头申报的项目，必须有企业参与（申报指南确定的个别领域除外）。　　（三）资助强度：按项目研发总投入的一定比例给予财政经费资助。其中，面上项目按照不超过项目研发总投入50％的比例予以资助，资助强度20万元/项；重点项目按照不超过项目研发总投入20％的比例予以资助，资助强度50万元/项至500万元/项（每个项目的具体资助强度按照申报指南中确定的经费填报）。申报指南确定的个别领域（详见申报指南），项目经费可以由财政经费全额资助。　　（四）项目财政经费分配比例要求：为确保产学研活动真实有效，对企业牵头、产学研联合申报的项目，参与单位中高等学校和科研院所所分配财政经费应占项目财政总经费的一定比例（原则上不少于该项目财政经费的20%）。　　（五）项目财政经费拨付方式：面上项目采取“事前资助”方式一次性拨付；重点项目采取“事前资助”与“验收后补助”相结合方式拨付，其中“事前资助”经费根据当年财政预算安排按一定比例拨付，“验收后补助”经费根据项目验收结果视情拨付。　　三、考核目标　　考核指标以关键核心技术指标、经济效益和社会效益等标志性成果为主，主要指标须量化可考核。　　目标导向类重点项目申报内容须涵盖所报指南二级标题下所列的全部研究内容和考核指标。　　四、项目实施周期                                                       　　面上项目实施周期一般不超过2年。　　重点项目实施周期一般不超过3年。　　五、申报条件　　（一）单位和个人信息注册。项目申报单位、项目负责人和项目组成员应当事先在“重庆市科技管理信息系统”中注册备案，且达到社会信用等级和科研信用等级的相关要求。项目牵头单位为企业的，原则上应当事先在“重庆市科技型企业管理信息系统”完成入库注册，且无严重违法失信和不良科研诚信记录。　　（二）项目单位申报要求。项目牵头单位应当在重庆市行政区域内设立、登记、注册并具有独立法人资格。项目单位无逾期一年以上未结题项目。　　（三）项目负责人及参与人申报要求。项目负责人申请项目和主持在研项目不超过1项，项目参与人参与申请项目和在研项目不超过2项。　　（四）科研诚信承诺。项目负责人和项目牵头单位须出具“科研诚信承诺书”，签字签章后作为附件上传，承诺事项纳入科研信用管理。　　（五）产学研合作协议。产学研单位联合申报的项目，参与单位应签订项目“产学研合作协议”，并签字签章后作为附件上传。　　六、具体申报流程　　（一）申报方式　　本次申报采取如下2种方式：　　1. 面上项目。根据指南方向自主选题进行填报。　　2. 重点项目。方向引领类重点项目应根据指南方向和指南有关说明自主选题进行填报，目标导向类重点项目应按照申报指南确定的项目名称、研究内容、考核指标进行填报。　　（二）网上填报流程　　本批项目均通过“重庆市科技管理信息系统――科研项目子系统”实行网上在线申报。　　1. 项目负责人按如下流程和要求在线填写申报书，检查确认相关填报信息后提交至所在单位审核。　　（1）选择计划类别：技术创新与应用发展。　　（2）选择项目类别：面上项目/重点项目。　　（3）选择技术领域：根据系统确定的技术领域进行选择。　　（4）确定项目名称：面上项目及方向引领类重点项目根据申报指南自主确定项目名称；目标导向类重点项目须与申报指南确定的项目名称一致。　　（5）申报正文：按照“重庆市科技管理信息系统――科研项目子系统”的在线申报流程填报。　　2. 项目牵头单位对项目负责人和项目参与人的申请资格及申请书的真实性、完整性进行审核，符合申报条件的提交至市科技局。　　七、申报时限与受理要求　　（一）面上项目　　系统申报时间：2019年1月31日9时至3月18日18时。请项目申报单位妥善安排提交工作，避免因集中申报造成网络拥堵。　　纸质材料受理截止时间：2019年3月21日18时。项目牵头单位将盖有单位公章的纸质申报汇总清单和项目申报材料（各1份），送达市科技局科技项目管理服务中心。逾期不报送纸质材料的作为形式审查不合格项目处理，不进入项目管理流程。科技项目管理服务中心只受理签字签章完整、具有数字指纹的申报书纸质件。　　（二）重点项目：　　系统申报时间：2019年1月31日9时至3月19日18时，请项目申报单位妥善安排提交工作，避免因集中申报造成网络拥堵。　　纸质材料受理截止时间：2019年3月22日18时。项目牵头单位将盖有单位公章的纸质申报汇总清单和项目申报材料（各1份），送达市科技局科技项目管理服务中心。逾期不报送纸质材料的作为形式审查不合格项目处理，不进入项目管理流程。科技项目管理服务中心只受理签字签章完整、具有数字指纹的申报书纸质件。　　八、注意事项　　（一）提交确认。“项目负责人提交――项目承担单位审核――项目承担单位提交”的流程操作。请项目负责人和项目承担单位按照网上申报系统提示如实填报申报书，并务必在提交前检查确认相关填报信息，一旦项目承担单位确认并正式提交后，将不予修改、退回。　　（二）项目单位审查。请各申报单位科研管理部门对申报的项目进行认真审查，严格把好申报质量关。项目考核指标应具体、明确、量化、可考核。　　（三）纸质申报书报送。项目通过系统提交至市科技局后，项目负责人应在系统中在线打印申报书正式版，完善相关签字、签章，并按申报通知要求报送，才视为有效申报。　　（四）形式审查。科技项目管理服务中心将对项目申报书及其附件材料进行形式审查，不符合要求的不进入项目管理流程。　　（五）严禁重复申报。已获得财政资金资助的项目不得重复申报。　　（六）申报监督。凡是发现项目申报过程存在违规违纪或者不当行为的，可以向市纪委监委驻市科学技术局纪检监察组书面实名反映有关情况。　　九、咨询电话　　（一）申报流程咨询：　　科技项目管理服务中心：　　咨询服务电话 67512626  67185057  67185073 　　周琦凯（面上项目） 67524067　　郭琴（重点项目） 67515832　　（二）各技术领域申报咨询：　　先进制造：陈涛（67513082）陆源（67611512）　　电子信息：陆源（67611512）　　新材料：张弘（67513582）　　新能源：陈涛（67513082）　　现代服务业：张弘（67513582）　　（三）系统与网络技术咨询：赵成钢（67511205）　　（四）监督与投诉：　　市纪委监委驻市科学技术局纪检监察组：赵小平（67513692）　　　　附件：　　1. 2019年重庆市技术创新与应用发展专项面上项目（高新领域）申报指南　　2. 2019年重庆市技术创新与应用发展专项重点项目（高新领域）申报指南　　3. 重庆市技术创新与应用发展专项面上项目申报书　　4. 重庆市技术创新与应用发展专项重点项目申报书　　5. 科研诚信承诺书　　6. 产学研合作协议　　　　重庆市科学技术局
2019-01-28,关于科技计划项目评审验收结果的公示（2019年1月）,http://www.cstc.gov.cn/View.aspx?id=25918,按照重庆市科技计划项目相关管理规定，根据工作安排，市科学技术局委托第三方项目管理专业机构（重庆生产力促进中心）负责组织科技计划项目评审验收。现对2019年1月24日验收的项目进行集中公示。自公示之日起5个工作日内，任何单位和个人对评审结果持有异议的，应实名向重庆市科学技术局提出书面申诉；认为评审过程存在违规违纪现象并确有证据的，应实名向市纪委监委驻市科学技术局纪检监察组提出书面申诉，以便我们进一步审查核实，逾期不再受理。　　联系方式： 　　市科学技术局资源配置与管理处 方程 67515789　　市纪委监委驻市科学技术局纪检监察组 万志忠 67611518 　　地址：渝北区新溉大道2号生产力大厦1509室(邮编：401147)　　　　附件：科技计划项目评审验收项目清单　　　　 资源配置与管理处　　2019年1月24日
2019-01-23,关于开展新型科技智库建设试点单位申报工作的通知,http://www.cstc.gov.cn/View.aspx?id=25908,为贯彻落实《中共中央办公厅国务院办公厅关于加强中国特色新型智库建设的意见》和《市委办公厅 市政府办公厅关于加强重庆市新型智库建设的意见》精神，建立健全科技创新决策咨询制度，充分发挥专家智库对我市科技创新的决策支撑作用，市科技局决定遴选一批研究机构开展新型科技智库建设试点，现将科技智库建设试点单位申报工作有关事项通知如下：　　一、试点单位的建设　　纳入试点建设的新型科技智库由市科技局和科技智库依托单位共建。　　1.市科技局负责制定管理办法，组织科技智库试点单位的申报受理、审批、考核评估，指导科技智库建设。对纳入新型科技智库建设试点的单位，市科技局将采取定向委托技术预见与制度创新专项项目形式支持其开展技术预见、制度创新研究。科技智库建设试点周期为3 年，采取“年度评估、动态调整；终期评估、确定命名”管理机制。　　2.科技智库依托单位负责组织科技智库申报，制定建设规划，对规划落实情况检查和监督，保障科技智库良好的科研环境和配套经费支持，推动研究成果的转化与应用。　　3.科技智库负责人负责主持实施科技智库建设规划，对科技智库日常运作进行管理，包括智库内部制度建立、团队管理、课题研究、会议组织、监督考核等。　　二、试点单位承担的任务　　1.服务决策。面向科技管理决策需求，围绕科技智库的特色研究方向和重点研究领域，组织和开展高水平的科技决策咨询研究；积极承接有关重点、热点与难点问题的应急性研究任务。科技智库在完成市科技局资助项目研究任务基础上，接受市科技局临时性研究任务安排，每年度要向市科技局提交不少于3份研究成果作为参阅材料。　　2.学术交流。积极开展学术沙龙、专家研讨会等研究交流活动，聚集相关领域的研究力量，打造开放式的科技决策咨询研究平台。　　3.培育团队。集聚一批高水平科技决策咨询研究专家，培养一批中青年研究骨干，建设一支结构合理的科技决策咨询研究团队。　　三、试点单位的条件　　纳入试点的科技智库必须具备以下基本条件：　　1.在重庆注册且具有独立法人资格、具备相应研究能力；综合型研究机构所属的二级机构不具备独立法人资格、但有研究能力的也可以二级机构名义参与。　　2.具有明确的决策咨询研究领域及研究方向。新型科技智库分为综合型科技智库和专业型科技智库两类：综合型科技智库重在开展科技创新战略、科技创新规划、综合性科技创新政策和体制机制改革研究；专业型科技智库重在围绕科技管理的具体业务开展专项性规划、政策、制度和专业技术发展方向等细分领域的专题研究。试点期间，须明确科技智库类型及其研究方向。　　市科技局认定的市级产业技术创新战略联盟可以作为技术预见类的专业型科技智库参与新型科技智库建设试点。　　3.在优势领域和方向，拥有高水平研究专家领衔，具有稳定的研究团队，多次承担市级以上相关决策咨询研究项目，成果曾被市委、市政府或有关职能部门决策采用。　　四、试点单位的遴选　　1.申报。符合新型科技智库建设试点条件的单位可以进行申报。申报单位须于2019年1月30日（星期三）前将《重庆市新型科技智库建设试点申报书》及其附件材料纸质版一式3份（合并装订）、《申报书》电子版报送市科技局创新发展办公室（联系人：王锐023-67511316；E－mail：；地址：渝北区新溉大道2号市科技局1015房间）。　　2.评审。市科技局组织专家咨询评审，按照新型科技智库建设试点条件提出纳入试点的建议名单。　　3.公布。市科技局按照相关决策程序确定纳入新型科技智库建设试点单位名单后向社会公布。　　附件：重庆市新型科技智库建设试点申报书　　　　　　 重庆市科学技术局　　 2019年1月23日
2019-01-14,关于开展2018年度国家科技计划项目跟踪调查的通知,http://www.cstc.gov.cn/View.aspx?id=25881,各有关单位： 　　为更好的掌握国家级科技计划项目完成后的效果，根据《科技部关于开展2018年度全国科技统计调查工作的通知》文件的要求，现将有关事宜通知如下：　　一、调查范围和调查内容　　经科技部批准验收结题未满三年或跟踪调查未满三次的973计划和国家重大科学研究计划项目、863计划项目、国家科技支撑计划项目和国家科技重大专项项目。　　主要了解计划项目结题验收以后的成果转化情况、获得经济效益情况、后续研究情况等。调查报告期为2018年度。　　（调查单位清单和调查内容请详见附件1和附件2）　　二、调查实施 　　1．重庆市承担的国家科技计划项目跟踪调查的审核及汇总上报工作,由市科技局委托重庆生产力促进中心实施。　　2.根据科技部提供的项目清单，由项目第一承担单位负责填报。 　　3．填报方法：根据科技部的具体要求，今年调查工作启用网上直报系统，该平台使用互联网在线填报，用户需下载科技统计客户端进入在线调查平台完成报表填报任务。具体为访问中国科技统计网（www.sts.org.cn），通过点击首页上提示客户端下载的漂浮窗口下载。　　4．登录账号分两种：一是项目登录账号。用户名为项目（课题）编号（见项目立项合同书上的编号），初始密码同用户名。二是单位管理账号。用户名为单位组织机构代码，初始密码另发。承担项目数为3个及以上的单位拥有此类账号，所属的项目需要单位账号核实后才能完成数据上报。　　以上两类账号初次登录都必须修改初始密码，修改成功后请使用新的密码重新登录系统。　　5．填报要求：填报单位在填报前应认真阅读相关填报说明，按调查表所规定的指标含义、计算方法、分类标准、编号代码等填报。报表网上提交后市科委将在三个工作日内进行审核，各填报单位要及时查看审核结果，对未通过的报表填报单位应按修改意见修改并重新提交。完全通过或核实通过后需打印报表封面（带水印），经领导签字盖章后，在系统中上传封面的扫描件或照片。填报结束后需报送纸质报表（盖公章）一式一份。如有单位名称、机构代码、组织机构代码、法人性质、行政区划代码变更，还需填报单位提供变更材料（盖公章）一式两份。 　　6．报送时间：网上填报截止日期为2019年3月15日，纸质材料报送截止日期2019年3月27日。 　　7．请各项目承担单位按时上报。若超过截止时间，系统将无法进行上报。对不按要求填报、拒报、虚报、瞒报的单位和个人，将依据《中华人民共和国统计法》给予严肃处理。 　　 三、联系方式　　重庆生产力促进中心：袁亦方 67611855　　重庆市科学技术局创新发展办公室： 刘  成67513907　　邮寄地址：重庆市渝北区新溉大道2号生产力大厦1305房间　　邮 编：401147   工作QQ群：93757254　　　　 附件：　　1．调查单位清单　　 2．国家科技计划项目调查跟踪表　　 3．国家科技统计在线调查平台填报单位使用手册（国家科技计划项目跟踪调查）　　　　　　　　重庆市科学技术局
2019-01-18,关于举办第六届重庆科普讲解大赛的通知,http://www.cstc.gov.cn/View.aspx?id=25892,各区县（自治县）科技行政主管部门，有关单位：　　为深入贯彻落实习近平新时代中国特色社会主义思想和党的十九大精神，普及科学知识，弘扬科学精神，提升全民科学素质，营造良好创新氛围，培养优秀科普讲解队伍，助力全市科普事业发展。经研究，决定举办第六届重庆科普讲解大赛，有关事项详见附件。　　请各单位按照大赛实施方案，全面动员、积极筹备、精心组织，做好赛事工作。　　特此通知　　　　　　附件：1．“云软杯”第六届重庆科普讲解大赛实施方案　　 2．“云软杯”第六届重庆科普讲解大赛复赛推荐名单汇总表　　　　　　　　重庆市科学技术局              中共重庆市委宣传部　　　　重庆市教育委员会              重庆市科学技术协会　　　　重庆市社会科学界联合会　　2019年1月18日
2019-01-30,关于申报2019年重庆市技术创新与应用发展专项项目（农业农村领域）的通知,http://www.cstc.gov.cn/View.aspx?id=25940,各有关单位： 　　为全面贯彻落实党的十九大精神，大力实施创新驱动发展战略和乡村振兴战略，扎实推进科技脱贫攻坚工作，结合现代农业良种创新、智慧农业、科技扶贫等领域技术创新与应用需求，根据年度工作安排，现启动2019年重庆市技术创新与应用发展专项项目（农业农村领域）申报工作。具体事项通知如下：　　一、内涵定位　　重庆市技术创新与应用示范项目（农业农村领域）重点围绕农业供给侧结构性改革和科技进步需要，全面推动乡村振兴战略实施，以发展质量效益型、资源节约型、环境友好型、智能智慧型等现代山地特色高效农业为目标，大力推进农业领域科技创新。涉及到研发任务的项目，聚焦重点行业产业领域关键核心技术瓶颈问题和重大社会公益需求，开展产学研协同技术攻关，突出新技术、新工艺（方法）、新产品在行业产业发展中的支撑引领作用；涉及到应用任务的项目，要结合重庆市委市政府的工作要求，突出先进适用技术在精准扶贫、农村人居环境等领域的应用；涉及到产业化开发任务的项目，要以市场为导向，抓住我市农业产业发展的短板，提升农业劳动生产率、产品优质率、农业附加值和农业品牌，促进现代农业提档升级。　　二、项目类别、申报主体与资助强度　　（一）项目类别：项目分为面上项目（申报指南详见附件1）和重点项目，其中重点项目分为公开申报重点项目（申报指南详见附件2）和推荐申报重点项目（申报指南详见附件3）。　　（二）申报主体：鼓励产学研单位联合申报，鼓励企业参加。　　（三）资助强度：按项目研发总投入的一定比例给予财政经费资助。其中，面上项目按照不超过项目研发总投入50％的比例予以资助，资助强度20万元/项；重点项目按照不超过项目研发总投入20％的比例予以资助，资助强度50万元/项至500万元/项（每个项目的具体资助强度按照申报指南中确定的经费填报）。体现政府目标导向的社会公益研究领域，项目经费由财政经费全额资助（详见申报指南）。　　（四）项目财政经费分配比例要求：为确保产学研活动真实有效，对企业牵头、产学研联合申报的项目，参与单位中高等学校和科研院所所分配财政经费应占项目财政总经费的一定比例（原则上不少于该项目财政经费的20%）。　　 （五）项目财政经费拨付方式：面上项目采取“事前资助”方式一次性拨付；重点项目采取“事前资助”与“验收后补助”相结合方式拨付，其中“事前资助”经费根据当年财政预算安排按一定比例拨付，“验收后补助”经费根据项目验收结果视情拨付。　　三、考核目标　　面上项目、公开申报重点项目考核目标以关键核心技术指标、经济效益和社会效益等标志性成果为主，主要指标须量化可考核。　　推荐申报重点项目须涵盖所报指南二级标题下所列的全部研究内容和考核指标。　　四、项目实施周期　　面上项目实施周期原则上不超过2年。　　重点项目实施周期原则上不超过3年。　　五、申报条件与要求　　（一）单位和个人信息注册。项目申报单位、项目负责人和项目组成员应当事先在“重庆市科技管理信息系统”中注册备案，且达到社会信用等级和科研信用等级的相关要求。项目牵头单位为企业的，原则上应当事先在“重庆市科技型企业管理信息系统”完成入库注册，且无严重违法失信和不良科研诚信记录。　　（二）项目单位申报要求。项目牵头单位应当在重庆市行政区域内设立、登记、注册并具有独立法人资格。项目单位无逾期一年以上未结题项目。　　（三）项目负责人及参与人申报要求。项目负责人申请项目和主持在研项目不超过1项，项目参与人参与申请项目和在研项目不超过2项。　　（四）科研诚信承诺。项目负责人和项目牵头单位须出具“科研诚信承诺书”，签字签章后作为附件上传，承诺事项纳入科研信用管理。　　（五）产学研合作协议。鼓励产学研单位联合申报，参与单位应签订项目“产学研合作协议”，并签字签章后作为附件上传。　　六、申报方式与要求　　（一）申报方式　　本次申报采取如下3种方式：　　1、面上项目。根据指南方向自主选题进行填报。　　2、公开申报重点项目。根据指南方向和指南有关说明自主选题，研究内容、考核指标必须符合指南申报要求。　　3、推荐申报重点项目。由市级行业主管部门 (详见附件3)进行推荐申报，项目名称应与指南中的项目名称一致，不得擅自修改，由有关部门在组织相关领域专家进行论证后推荐申报。　　（二）网上填报流程　　本批项目均通过“重庆市科技管理信息系统――科研项目子系统”实行网上在线申报。　　1、项目负责人按如下流程和要求在线填写申报书，检查确认相关填报信息后提交至所在单位审核。　　（1）选择计划类别：技术创新与应用示范。　　（2）选择项目类别：面上项目/公开申报重点项目/推荐申报重点项目。　　（3）选择技术领域：根据系统确定的技术领域进行选择。　　（4）确定项目名称：面上项目及公开申报重点项目根据申报指南自主确定项目名称；推荐申报重点项目须与申报指南确定的项目名称一致。　　 （5）申报正文：按照“重庆市科技管理信息系统――科研项目子系统”的在线申报流程填报。　　2、项目牵头单位对项目负责人和项目参与人的申请资格及申请书的真实性、完整性进行审核，符合申报条件的提交至市科技局。　　七、申报时限与受理要求　　（一）面上项目　　系统申报时间：2019年1月31日9时至3月19日18时。请项目申报单位妥善安排提交工作，避免因集中申报造成网络拥堵。　　纸质材料受理截止时间：2019年3月22日18时。项目牵头单位将盖有单位公章的纸质申报汇总清单和项目申报材料（各1份），送达市科技项目管理服务中心。逾期不报送纸质材料的作为形式审查不合格项目处理，不进入项目管理流程。科技项目管理服务中心只受理签字签章完整、具有数字指纹的申报书纸质件。　　（二）重点项目：　　系统申报时间：2019年1月31日9时至3月20日18时，请项目申报单位妥善安排提交工作，避免因集中申报造成网络拥堵。　　纸质材料受理截止时间：2019年3月22日18时。项目牵头单位将盖有单位公章的纸质申报汇总清单和项目申报材料（各1份），送达市科技项目管理服务中心。逾期不报送纸质材料的作为形式审查不合格项目处理，不进入项目管理流程。科技项目管理服务中心只受理签字签章完整、具有数字指纹的申报书纸质件。　　（三）推荐申报项目除了上述纸质材料之外，还应当出具如下附件材料：　　（1）市级行业主管部门出具加盖部门公章的推荐函（含推荐申报项目清单的纸质文件一式1份）。　　（2）推荐申报项目的专家论证意见（纸质文件一式1份）。　　上述附件材料由项目推荐单位（市级行业主管部门）于2019年3月22日18时前送至市科技局农村科技处（1611办公室）。　　八、注意事项　　（一）提交确认。按照网上申报系统提示如实填报申报书，并务必在提交前检查确认相关填报信息，一旦项目承担单位确认并正式提交后，将不予修改、退回。　　（二）项目单位审查。请各申报单位科研管理部门对申报的项目进行认真审查，严格把好申报质量关。项目考核指标应具体、明确、量化、可考核。　　（三）纸质申报书报送。项目通过系统提交至市科技局后，项目负责人应在系统中在线打印具有数字指纹的申报书正式版，完善相关签字、签章，并按申报通知要求报送，才视为有效申报。　　（四）形式审查。市科技项目管理服务中心将对申报项目进行形式审查，不符合要求的不进入项目管理流程。　　（五）严禁重复申报。已获得财政资金资助的项目不得重复申报。　　（六）申报监督。凡是发现项目申报过程存在违规违纪或者不当行为的，可以向市纪委监委驻市科学技术局纪检监察组书面实名反映有关情况。　　九、咨询电话　　（一）申报流程咨询：　　科技项目管理服务中心：　　咨询服务电话 67512626  67185057  67185073 　　周琦凯（面上项目） 67524067　　郭琴（重点项目） 67515832　　（二）各技术领域申报咨询：　　蔬菜粮油作物、农业生态及植物保护：　　唐勇 67515617　　畜禽水产及经济动物、农产品绿色物流与精深加工：　　代杰 67606017　　特色经济作物、农业信息化与智慧农业、宜居村镇建设：　　杨艳67515681　　（三）系统与网络技术咨询：赵成钢 67511205 　　（四）监督与投诉：　　市纪委监委驻市科学技术局纪检监察组： 赵小平 67513692　　　　附件：　　1. 2019年重庆市技术创新与应用发展专项面上项目（农业农村领域）申报指南　　 2. 2019年重庆市技术创新与应用发展专项公开申报重点项目（农业农村领域）申报指南　　 3. 2019年重庆市技术创新与应用发展专项推荐申报重点项目（农业农村领域）申报指南　　 4. 重庆市技术创新与应用发展专项（面上项目）申报书　　 5. 重庆市技术创新与应用发展专项（重点项目）申报书　　 6. 科研诚信承诺书　　 7. 产学研合作协议　　　　重庆市科学技术局　　2019年1月30日
2019-01-30,关于申报2019年重庆市技术创新与应用发展专项项目（社会发展领域）的通知,http://www.cstc.gov.cn/View.aspx?id=25937,各有关单位：　　为全面贯彻落实党的十九大精神，按照“三大攻坚战”和“八项行动计划”总体部署，结合我市智慧城市建设、生物医药、人口健康、生态环保、公共安全等社会发展领域技术创新与应用需求，加快推进科技惠及民生，根据年度工作安排，现启动2019年重庆市技术创新与应用发展专项项目（社会发展领域）申报工作。具体事项通知如下：　　一、内涵定位　　技术创新与应用发展专项坚持应用导向和问题导向，强化企业技术创新主体作用和产学研协同创新，促进科技成果转化应用，为推动高质量发展和创造高品质生活提供科技支撑。其中，面上项目主要面向行业产业发展需求和社会公益需求开展技术研发与应用，突出方向引领，侧重面上培育和布局。重点项目主要聚焦重点行业产业领域关键核心技术瓶颈问题和重大社会公益需求，开展产学研协同创新，强化技术集成和规模化应用，突出新技术、新工艺（方法）、新产品在行业产业发展中的支撑引领作用。　　二、申报主体与资助强度　　（一）项目类别：项目分为面上项目（申报指南见附件1）和重点项目，其中，重点项目分为公开申报重点项目（申报指南见附件2）和推荐申报重点项目（申报指南见附件3）。　　（二）申报主体：鼓励产学研单位联合申报，应当有企业参加（除申报指南确定的个别领域外）。　　（三）资助强度：按项目研发总投入的一定比例给予财政经费资助。其中，面上项目按照不超过项目研发总投入50％的比例予以资助，资助强度20万元/项；重点项目按照不超过项目研发总投入20％的比例予以资助，资助强度50万元/项至500万元/项（每个项目的具体资助强度按照申报指南中确定的经费填报）。申报指南确定的个别领域（详见申报指南），项目经费由财政经费全额资助。　　（四）项目财政经费分配比例要求：为确保产学研活动真实有效，对企业牵头、产学研联合申报的项目，参与单位中高等学校和科研院所所分配财政经费应占项目财政总经费的一定比例（原则上不少于该项目财政经费的20%）。　　（五）项目财政经费拨付方式：面上项目采取“事前资助”方式一次性拨付；重点项目采取“事前资助”与“验收后补助”相结合方式拨付，其中“事前资助”经费根据当年财政预算安排按一定比例拨付，“验收后补助”经费根据项目验收结果视情拨付。　　三、考核目标　　面上项目、公开申报重点项目考核目标以关键核心技术指标、经济效益和社会效益等标志性成果为主，主要指标须量化可考核。　　推荐申报重点项目须涵盖所报指南二级标题下所列的全部研究内容和考核指标。　　四、项目实施周期　　面上项目实施周期一般不超过2年。　　 重点项目实施周期一般不超过3年。　　五、申报条件与要求　　（一）单位和个人信息注册。项目申报单位、项目负责人和项目组成员应当事先在“重庆市科技管理信息系统”中注册备案，且达到社会信用等级和科研信用等级的相关要求。项目牵头单位为企业的，原则上应当事先在“重庆市科技型企业管理信息系统”完成入库注册，且无严重违法失信和不良科研诚信记录。　　（二）项目单位申报要求。项目牵头单位应当在重庆市行政区域内设立、登记、注册并具有独立法人资格。项目单位无逾期一年以上未结题项目。　　（三）项目负责人及参与人申报要求。项目负责人申请项目和主持在研项目不超过1项，项目参与人参与申请项目和在研项目不超过2项。　　（四）科研诚信承诺。项目负责人和项目牵头单位须出具“科研诚信承诺书”，签字签章后作为附件上传，承诺事项纳入科研信用管理。　　（五）产学研合作协议。鼓励产学研单位联合申报，参与单位应签订项目“产学研合作协议”，并签字签章后作为附件上传。　　六、具体申报流程　　（一）申报方式　　本次申报采取如下3种方式：　　1、面上项目。根据指南方向自主选题进行填报。　　2、公开申报重点项目。根据指南方向和指南有关说明自主选题，研究内容、考核指标必须符合指南申报要求。　　3、推荐申报重点项目。由市级行业主管部门进行推荐申报，项目名称应与指南中的项目名称一致，不得擅自修改，由有关部门在组织相关领域专家进行论证后推荐申报。　　（二）网上填报流程　　所有项目均通过“重庆市科技管理信息系统─科研项目子系统”实行网上在线申报。　　1. 项目负责人按如下流程和要求在线填写申报书，检查确认相关填报信息后提交至所在单位审核。　　（1）选择计划类别：技术创新与应用发展。　　（2）选择项目类别：面上项目/公开申报重点项目/推荐申报重点项目。　　（3）选择技术领域：根据系统确定的技术领域进行选择。　　（4）确定项目名称：面上项目及公开申报重点项目根据申报指南自主确定项目名称；推荐申报重点项目须与申报指南确定的项目名称一致。　　（5）申报正文：按照网上系统要求填写相关申报书正文内容。　　2. 项目牵头单位对项目负责人和项目参与人的申请资格及申请书的真实性、完整性进行审核，符合申报条件的提交至市科技局。　　七、申报时限与受理要求　　（一）面上项目　　系统申报时间：2019年1月31日9时至3月18日18时。请项目申报单位妥善安排提交工作，避免因集中申报造成网络拥堵。　　纸质材料受理截止时间：2019年3月21日18时。项目牵头单位将盖有单位公章的纸质申报汇总清单和项目申报材料（各1份），送达市科技局科技项目管理服务中心。逾期不报送纸质材料的作为形式审查不合格项目处理，不进入项目管理流程。科技项目管理服务中心只受理签字签章完整、具有数字指纹的申报书纸质件。　　（二）重点项目：　　系统申报时间：2019年1月31日9时至3月19日18时，请项目申报单位妥善安排提交工作，避免因集中申报造成网络拥堵。　　纸质材料受理截止时间：2019年3月22日18时。项目牵头单位将盖有单位公章的纸质申报汇总清单和项目申报材料（各1份），送达市科技局科技项目管理服务中心。逾期不报送纸质材料的作为形式审查不合格项目处理，不进入项目管理流程。科技项目管理服务中心只受理签字签章完整、具有数字指纹的申报书纸质件。　　（三）推荐申报重点项目除了上述纸质材料之外，还应当出具如下附件材料：　　（1）市级行业主管部门出具加盖部门公章的推荐函（含推荐申报项目清单的纸质文件一式1份）。　　（2）推荐申报重点项目的专家论证意见（纸质文件一式1份）。　　上述附件材料由项目推荐单位（市级行业主管部门）于2019年3月22日18时前送至市科技局社会发展处（1506办公室）。　　八、注意事项　　（一）提交确认。按照网上申报系统提示如实填报申报书，并务必在提交前检查确认相关填报信息，一旦项目承担单位确认并正式提交后，将不予修改、退回。　　（二）项目单位审查。请各申报单位科研管理部门对申报的项目进行认真审查，严格把好申报质量关。项目考核指标应具体、明确、量化、可考核。　　（三）纸质申报书报送。项目通过系统提交至市科技局后，项目负责人应在系统中在线打印具有数字指纹的申报书正式版，完善相关签字、签章，并按申报通知要求报送，才视为有效申报。　　（四）形式审查。科技项目管理服务中心将对申报项目进行形式审查，不符合要求的不进入项目管理流程。　　（五）严禁重复申报。已获得财政资金资助的项目不得重复申报。　　（六）申报监督。凡是发现项目申报过程存在违规违纪或者不当行为的，可以向市纪委监委驻市科学技术局纪检监察组书面实名反映有关情况。　　九、咨询电话　　（一）申报流程咨询：　　科技项目管理服务中心：　　咨询服务电话 67512626  67185057  67185073　　周琦凯（面上项目） 67524067　　郭琴（重点项目） 67515832　　（二）各技术领域申报咨询：　　卫生医疗、教育：李强（67512607）　　生物医药：史璇（67515875）　　生态环保、资源能源、城市建设与管理：程志远（67515795）　　交通、公共安全、地震、地质灾害、气象等：韩勇（67512285）　　（三）系统与网络技术咨询：赵成钢 （67511205）　　（四）监督与投诉：　　市纪委监委驻市科学技术局纪检监察组：赵小平（67513692）　　　　　　附件：　　1. 2019年重庆市技术创新与应用发展专项面上项目（社会发展领域）申报指南　　2. 2019年重庆市技术创新与应用发展专项公开申报重点项目（社会发展领域）申报指南　　3. 2019年重庆市技术创新与应用发展专项推荐申报重点项目（社会发展领域）申报指南　　4. 重庆市技术创新与应用发展专项面上项目申报书　　5. 重庆市技术创新与应用发展专项重点项目申报书　　6. 科研诚信承诺书　　7. 产学研合作协议　　　　　　 重庆市科学技术局　　2019年1月30日
2019-01-23,关于科技计划项目审核验收结果的公示,http://www.cstc.gov.cn/View.aspx?id=25909,现对2018年1月1日-2019年1月15日期间组织审核验收项目的验收结果进行集中公示。自公示之日起5个工作日内，任何单位和个人对验收结果持有异议的，应实名向重庆市科技局提出书面申诉，以便我们进一步审查核实，逾期不再受理。　　联系方式： 　　市科技局科技人才与基础研究处 熊新 67605792；张军以 67513680　　市科技局高新技术发展及产业化处 陆源 67611512　　市科技局科技合作处     张浩南  67512912　　市科技局农村科技处     杨艳    67515681　　市科技局创新发展办公室 王锐    67511316　　市科技局社会发展科技处 李强    67512607　　市纪委驻市科技局纪检组 万志忠  67611518 　　地址：渝北区新溉大道2号生产力大厦1509室(邮编：401147)　　　　附件：项目清单　　　　 资源配置与管理处　　2019年1月22日
2019-01-30,关于申报2019年重庆市技术创新与应用发展专项重大主题专项项目的通知,http://www.cstc.gov.cn/View.aspx?id=25935,各有关单位　　为进一步贯彻落实党的十九大报告关于“加快建设制造强国，加快发展先进制造业，推动互联网、大数据、人工智能和实体经济深度融合”的重要精神，结合《新一代人工智能发展规划》《中国制造2025》等国家规划以及《重庆市科技创新“十三五”规划》《重庆市以大数据智能化为引领的创新驱动发展战略行动计划》等文件要求，根据年度工作安排，着眼我市相关产业创新发展的实际需求和科研基础条件，以围绕产业链布局创新链为原则，拟在人工智能、云计算与大数据、集成电路、智能机器人、5G通信、新能源汽车、智能网联汽车、通用航空8个领域启动实施2019年重庆市技术创新与应用发展专项重大主题专项，围绕产业链布局一批重点项目，旨在突破一批重大共性关键技术瓶颈，催生一批重大创新产品，开展一批新技术新产品的应用，加快新兴产业的培育和优势产业的升级。现将项目申报有关事项通知如下：　　一、项目类别、申报主体与资助强度　　（一）项目类别：重大主题专项由若干个具有产业链上下游关系或技术关联性的重点项目组成，申报时以主题专项二级标题为题，以重点项目类别进行申报，不要求涵盖该主题专项下所有研究内容。　　（二）申报主体：项目牵头单位应当是全市行业龙头企业或关键技术支撑企业，鼓励产学研单位联合申报、协同创新。　　（三）资助强度：每个重大主题专项资助重点项目不超过20项，每个重点项目按照不超过项目研发总投入20％的比例予以资助，资助强度50万元/项至500万元/项（每个项目的具体资助强度按照申报指南中确定的经费填报）。　　（四）项目财政经费分配比例要求：为确保产学研活动真实有效，对企业牵头、产学研联合申报的项目，参与单位中高等学校和科研院所所分配财政经费应占项目财政总经费的一定比例（原则上不少于该项目财政经费的20%）。　　（五）项目财政经费拨付方式：项目采取“事前资助”与“验收后补助”相结合方式拨付。其中，“事前资助”经费根据当年财政预算安排按一定比例拨付，“验收后补助”经费根据项目验收结果视情拨付。　　二、考核目标　　重点项目申报内容须涵盖所报指南二级标题下所列的全部研究内容和考核指标。　　三、项目实施周期　　项目实施周期一般不超过3年。　　四、申报条件与要求　　（一）单位和个人信息注册。项目申报单位、项目负责人和项目组成员应当事先在“重庆市科技管理信息系统”中注册备案，且达到社会信用等级和科研信用等级的相关要求。项目牵头单位为企业的，原则上应当事先在“重庆市科技型企业管理信息系统”完成入库注册，且无严重违法失信和不良科研诚信记录。　　（二）项目单位申报要求。项目牵头单位应当在重庆市行政区域内设立、登记、注册并具有独立法人资格。项目单位无逾期一年以上未结题项目。　　（三）项目负责人及参与人申报要求。项目负责人申请项目和主持在研项目不超过1项，项目参与人参与申请项目和在研项目不超过2项。　　（四）科研诚信承诺。项目负责人和项目牵头单位须出具“科研诚信承诺书”，签字签章后作为附件上传，承诺事项纳入科研信用管理。　　（五）产学研合作协议。产学研单位联合申报的项目，参与单位应签订项目“产学研合作协议”，并签字签章后作为附件上传。　　五、具体申报流程　　（一）申报方式　　重点项目应按照申报指南确定的项目名称、研究内容、考核指标进行填报。　　（二）网上填报流程　　本批项目均通过“重庆市科技管理信息系统――科研项目子系统”实行网上在线申报。　　1. 项目负责人按如下流程和要求在线填写申报书，检查确认相关填报信息后提交至所在单位审核。　　（1）选择计划类别：技术创新与应用发展。　　（2）选择项目类别：重大主题专项。　　（3）选择技术领域：根据系统确定的技术领域进行选择。　　（4）确定项目名称：重点项目须与申报指南确定的项目名称一致。　　（5）申报正文：按照“重庆市科技管理信息系统――科研项目子系统”的在线申报流程填报。　　2. 项目牵头单位对项目负责人和项目参与人的申请资格及申请书的真实性、完整性进行审核，符合申报条件的提交至市科技局。　　六、申报时限与受理要求　　系统申报时间：2019年1月31日9时至3月19日18时，请项目申报单位妥善安排提交工作，避免因集中申报造成网络拥堵。　　纸质材料受理截止时间：2019年3月22日18时。项目牵头单位将盖有单位公章的纸质申报汇总清单和项目申报材料（各1份），送达市科技局科技项目管理服务中心。逾期不报送纸质材料的作为形式审查不合格项目处理，不进入项目管理流程。科技项目管理服务中心只受理签字签章完整、具有数字指纹的申报书纸质件。　　七、注意事项　　（一）提交确认。――项目承担单位审核――项目承担单位提交”的流程操作。请项目负责人和项目承担单位按照网上申报系统提示如实填报申报书，并务必在提交前检查确认相关填报信息，一旦项目承担单位确认并正式提交后，将不予修改、退回。　　（二）项目单位审查。请各申报单位科研管理部门对申报的项目进行认真审查，严格把好申报质量关。项目考核指标应具体、明确、量化、可考核。　　（三）纸质申报书报送。项目通过系统提交至市科技局后，项目负责人应在系统中在线打印具有数字指纹的申报书正式版，完善相关签字、签章，并按申报通知要求报送，才视为有效申报。　　（四）形式审查。科技项目管理服务中心将对申报项目进行形式审查，不符合要求的不进入项目管理流程。　　（五）严禁重复申报。已获得财政资金资助的项目不得重复申报。　　（六）申报监督。凡是发现项目申报过程存在违规违纪或者不当行为的，可以向书面实名反映有关情况。　　八、咨询电话　　（一）申报流程咨询：　　科技项目管理服务中心：　　咨询服务电话 67512626 67185057 67185073 　　刘静（重大主题专项） 67165269　　（二）各主题专项申报咨询：　　1.人工智能关键技术研发及应用：陆源 67611512　　2.云计算与大数据关键技术研发及应用：陆源 67611512　　3.集成电路关键技术研发与产业化：陆源 67611512　　4.智能机器人关键技术研发与产业化：陆源 67611512　　5. 5G通信关键技术研发及应用：陆源 67611512　　6.插电式混合动力和燃料电池汽车关键技术研发与产业化：陈涛 67513082　　7.自动驾驶汽车量产开发和测试认证关键技术研究：陈涛 67513082　　8.先进轻型飞机研制：陈涛 67513082　　（三）系统与网络技术咨询：赵成钢 67511205 　　（四）监督与投诉：　　市纪委监委驻市科学技术局纪检监察组：赵小平 67513692　　　　附件：　　 1.“人工智能关键技术研发及应用”重大主题专项申报指南　　2. “云计算与大数据关键技术研发及应用”重大主题专项申报指南　　3.“集成电路关键技术研发与产业化”重大主题专项申报指南　　4. “智能机器人关键技术研发与产业化”重大主题专项申报指南　　5. “5G通信关键技术研发及应用”重大主题专项申报指南　　6. “插电式混合动力和燃料电池汽车关键技术研发与产业化”重大主题专项申报指南　　7. “自动驾驶汽车量产开发和测试认证关键技术研究”重大主题专项申报指南　　8. “先进轻型飞机研制”重大主题专项申报指南　　9. 重庆市技术创新与应用发展重大主题专项项目申报书　　10. 科研诚信承诺书　　11. 产学研合作协议　　　　重庆市科学技术局　　2019年1月30日
2019-01-30,关于申报2019年重庆市技术预见与制度创新专项项目的通知,http://www.cstc.gov.cn/View.aspx?id=25934,各有关单位：　　为做好2019年度重庆市技术预见与制度创新专项项目申报工作，现将有关事项通知如下：　　一、项目类别　　2019年技术预见与制度创新专项项目类别为：技术预见类项目、制度创新类项目。申报方式为：公开申报、公开招标、定向委托。其中，公开申报按照申报指南方向自主选题申报，公开招标应按照申报指南确定的研究题目及研究内容进行申报，定向委托由市科技局根据科技创新决策需要直接委托有关单位申报，经专家评议后立项实施。　　二、项目实施周期与资助强度　　项目实施周期为半年。本年度立项项目按资助强度分为面上项目和重点项目两类，其中面上项目资助强度为10万元/项，重点项目资助强度为20万元/项。　　三、重点支持方向　　（一）公开申报　　1. 技术预见类项目　　支持方向：该类项目原则上按面上项目申报，主要围绕新能源汽车、智能网联汽车、智能制造、云计算大数据、集成电路、机器人、区块链、高端装备、通用航空、仪器仪表、新材料、工业互联网、物联网、传感器、智能终端、虚拟现实、环保装备、应急装备、智慧城市、畜禽种业、主要农经作物种业等领域，开展“十四五”时期技术创新重点方向研究。　　研究要求：调查摸清相关领域技术创新基本情况，梳理总结技术创新现状及问题，研究技术创新方向、重点和路径，提出技术创新的对策建议，为决策部门制定技术创新规划及实施方案提供决策参考。　　成果形式：技术预见报告、产业技术发展规划、产业技术路线图等，以及2000字左右的技术创新重点方向或对策建议。　　资助强度：原则上为10万元/项。　　支持对象：主要支持市级产业技术创新战略联盟牵头单位组织联盟成员单位开展技术预见研究。　　2. 制度创新类项目　　支持方向：该类项目原则上按面上项目申报，重点围绕贯彻落实党的十九大精神，支持开展战略规划、体制机制、政策制度、激励政策、公共服务、商业（服务）模式、科技金融、社会治理、司法保障等制度创新研究。　　成果形式：决策研究报告、政策建议、决策（文件）采用、参政议政等，以及2000字左右的制度创新决策建议。原则上要求取得需求部门采用证明。　　资助强度：原则上为10万元/项。　　支持对象：重点支持决策需求部门牵头开展研究，支持新型智库、高校、科研机构与决策需求部门（单位）联合开展研究。　　（二）公开招标　　在制度创新类项目中，采取面向社会公开招标方式，组织实施一批中长期科技创新规划和“十四五”科技创新规划前期研究项目。各单位须按照发布的研究题目及其研究内容、经费资助强度申报（申报指南见附件1）。　　（三）定向委托　　针对统战系统理论研究、重大改革问题研究、中长期科技创新规划与“十四五”科技创新规划前期研究部分项目，采取定向委托方式申报。　　四、申报方式和要求　　本次申报通过“重庆市科技管理信息系统――科研项目子系统”实行网上在线申报。项目负责人在完成网上申报后，需向市科技局项目管理服务中心提交签字签章的纸质申报书、相关附件材料1份。　　项目负责人和项目牵头单位须出具“科研诚信承诺书”签字签章后作为附件上传，承诺事项纳入科研信用管理。　　有多个单位参与项目申报的，须签订“科研项目合作协议”，签字签章后作为附件上传。　　五、申报条件　　（一）项目牵头单位应当是重庆市行政区域内设立、登记、注册并具有独立法人资格的单位或机构，鼓励具备条件的社会研究机构进行申报。　　（二）项目申报单位和项目负责人的信用等级为“良好”及以上，具有完成项目所需的组织管理和协调能力。　　（三）项目单位没有逾期一年以上未结题项目。　　（四）项目负责人申请和主持在研的技术预见与制度创新专项项目不超过1项。　　（五）项目组成员参与申请和在研的技术预见与制度创新专项项目不超过2项。　　（六）各单位在向市科技局推荐项目过程中，应把相关信息通知到相关科研人员，并采取必要的程序和措施，确保申报组织过程公平公正。　　六、申报时限　　（一）系统申报时间：2019年1月31日9时至3月25日18时。请项目申报单位妥善安排提交工作，避免因集中申报造成网络拥堵。　　（二）纸质材料受理截止时间：2019年3月28日18时。项目牵头单位将盖有单位公章的纸质申报汇总清单和项目申报材料（各1份），送达市科技局科技项目管理服务中心。逾期不报送纸质材料的作为形式审查不合格项目处理，不进入项目管理流程。科技项目管理服务中心只受理签字签章完整、具有数字指纹的申报书纸质件。　　七、注意事项　　（一）提交确认。PDF格式上传，按“项目负责人提交――项目承担单位审核――项目承担单位提交”的流程操作。请项目负责人和项目承担单位按照网上申报系统提示如实填报申报书，并务必在提交前检查确认相关填报信息，一旦项目承担单位确认并正式提交后，将不予修改、退回。　　（二）项目单位审查。各申报单位科技管理部门和项目归口组织部门应对申报的项目进行认真审查，严格把好申报质量关。严禁各单位直接指定有关人员申报、限制其它科技人员申报项目。　　（三）纸质申报书报送。项目通过系统提交至市科技局后，项目负责人应在系统中在线打印具有数字指纹的申报书正式版，完善相关签字、签章，并按申报通知要求报送，才视为有效申报。　　（四）形式审查。科技项目管理服务中心将对申报项目进行形式审查，不符合要求的不进入项目管理流程。　　（五）严禁重复申报。已获得财政资金资助的项目不得重复申报。　　（六）申报监督。凡是发现项目申报过程存在违规违纪或者不当行为的，可以向市纪委监委驻市科学技术局纪检监察组书面实名反映有关情况。　　八、咨询电话　　（一）申报咨询：　　科技项目管理服务中心：　　咨询服务电话 67512626  67185057  67185073　　彭咏梅（面上项目）67524067　　张文瑾（重点项目）67515832　　创新发展办公室：王锐67511316　　（二）系统与网络技术咨询：赵成钢 67511205 　　（三）监督与投诉：　　：赵小平67513692　　　　　　附件：　　 1.2019年制度创新公开招标项目申报指南　　 2.重庆市技术预见与制度创新专项项目申报书　　 3.科研诚信承诺书　　 4.科研项目合作协议　　 　　　　重庆市科学技术局　　2019年1月30日
2019-01-30,关于申报2019年重庆市基础研究与前沿探索专项（重庆市自然科学基金）的通知,http://www.cstc.gov.cn/View.aspx?id=25933,各有关单位：　　为做好2019年重庆市基础研究与前沿探索专项（重庆市自然科学基金）（以下简称：自然科学基金项目）申报工作，根据《重庆市科研项目管理办法》《重庆市自然科学基金项目实施办法（试行）》相关规定，结合年度工作安排，现启动2019年重庆市自然科学基金项目组织申报工作。现将有关事项通知如下：　　一、内涵定位　　重庆市基础研究与前沿探索专项（重庆市自然科学基金）瞄准科技前沿，聚焦全市产业发展的基础前沿关键问题和优势学科发展方向，支持科研人员开展原始创新和自由探索，着力实现前瞻性基础研究、引领性原创成果重大突破，培养创新人才和团队，增强源头创新能力。　　二、项目类型　　2019年重庆市自然科学基金项目受理申报自然科学基金面上项目（含先锋科学基金项目，简称“先锋项目”）（以下简称“面上项目”）、博士后科学基金项目（以下简称“博士后项目”）、杰出青年科学基金项目（以下简称“杰青项目”）、自然科学基金重点项目（以下简称“重点项目”）、创新研究群体科学基金项目（以下简称“创新群体项目”）等5类项目。　　申请人应认真阅读《2019年重庆市自然科学基金面上项目申报指南》（附件1）、《2019年重庆市博士后科学基金项目申报指南》（附件2）、《2019年重庆市杰出青年科学基金项目申报指南》（附件3）、《2019年重庆市自然科学基金重点项目申报指南》（附件4）、《2019年重庆市创新研究群体科学基金项目申报指南》（附件5），正确选择申报项目类型。　　三、申报主体　　项目牵头单位应当以在渝高等学校、科研院所为主，鼓励有条件的企业申报自然科学基金项目。　　鼓励有条件的单位与市科技局联合实施自然科学基金面上项目和重点项目。　　四、申报要求　　（一）单位和个人信息注册。项目牵头单位、项目负责人和项目组成员应当事先在“重庆市科技管理信息系统”中注册备案，且达到社会信用等级和科研信用等级的相关要求。申报项目的企业原则上应符合重庆市科技型企业标准，无严重违法失信和不良科研诚信记录，并在“重庆市科技型企业管理信息系统”完成入库注册。　　（二）项目单位要求。项目牵头单位应当是重庆市行政区域内设立、登记、注册并具有独立法人资格的企事业单位或其他机构。项目单位没有逾期一年以上未结题项目。　　（三）项目负责人及参与人要求。项目负责人申请项目和主持在研项目不超过1项，项目参与人参与申请项目和在研项目不超过2项。　　（四）科研诚信承诺。项目负责人和项目牵头单位须出具“科研诚信承诺书”，盖章后作为附件上传，承诺事项纳入科研信用管理。　　（五）合作协议。有多个单位参与项目申报的，参与单位应签订“科研项目合作协议”，签字签章后作为附件上传。　　（六）严禁重复申报。已获得财政资金资助的项目不得重复申报。　　（七）申报监督。凡是发现项目申报过程存在违规违纪或者不当行为的，可以向市纪委监委驻市科学技术局纪检监察组书面实名反映有关情况。　　五、申报方式　　2019年度申报项目均通过“重庆市科技管理信息系统――科研项目子系统”实行网上在线申报。　　（一）申请提交。项目负责人在线完成填报并认真检查确认后，提交项目申报书至项目牵头单位审核。　　（二）单位审核。项目牵头单位对项目负责人和项目参与人的申请资格及申请书的真实性、完整性进行审核，符合申报条件的提交至“重庆市科技管理信息系统――科研项目子系统”。　　（三）提交确认。实行网上在线提交，相关附件材料签字签章后以PDF格式上传，按“项目负责人提交――项目承担单位审核――项目承担单位提交”的流程操作。请项目负责人和项目承担单位按照网上申报系统提示如实填报申报书，并务必在提交前检查确认相关填报信息，一旦项目承担单位确认并正式提交后，将不予修改、退回。　　（四）纸质申报书报送。项目通过系统提交至市科技局后，项目负责人应在系统中在线打印具有数字指纹的申报书正式版，完善相关签字、签章，并按申报通知要求报送，才视为有效申报。　　六、申报时限　　（一）面上项目（含先锋项目）：　　系统申报时间：2019年1月31日9时至3月11日18时。请项目申报单位妥善安排提交工作，避免因集中申报造成网络拥堵，确保项目按时提交。　　纸质材料受理截止时间：2019年3月14日18时。项目牵头单位将盖有单位公章的纸质申报汇总清单和项目申报材料（各1份），送达市科技局科技项目管理服务中心。逾期不报送纸质材料的作为形式审查不合格项目处理，不进入项目管理流程。科技项目管理服务中心只受理签字签章完整、具有数字指纹的申报书纸质件。　　（二）博士后项目、杰青项目、创新群体项目和重点项目：　　系统申报时间：2019年1月31日9时至3月12日18时，请项目申报单位妥善安排提交工作，避免因集中申报造成网络拥堵，确保项目按时提交。　　纸质材料受理截止时间：2019年3月15日18时。项目牵头单位将盖有单位公章的纸质申报清单和项目申报材料（各1份），送达市科技局科技项目管理服务中心。逾期不报送纸质材料的作为形式审查不合格项目处理，不进入项目管理流程。科技项目管理服务中心只受理签字签章完整、具有数字指纹的申报书纸质件。　　七、咨询电话　　（一）申报咨询：　　科技项目管理服务中心：　　咨询服务电话 67512626  67185057  67185073　　梁玲（面上项目）67622559　　张蕾（博士后项目、创新群体项目）67165269　　郝森（杰青项目、重点项目）67165269　　科技人才与基础研究处：熊新 6760579267513680　　（二）系统与网络技术咨询：赵成钢 67511205 　　（三）监督与投诉：　　市纪委监委驻市科学技术局纪检监察组：赵小平 67513692　　　　附件：　　1.2019年重庆市自然科学基金面上项目申报指南　　2.2019年重庆市博士后科学基金项目申报指南　　3.2019年重庆市杰出青年科学基金项目申报指南　　4.2019年重庆市自然科学基金重点项目申报指南　　5.2019年重庆市创新研究群体科学基金项目申报指南　　6.重庆市自然科学基金面上项目申报书　　7.重庆市博士后科学基金项目申报书　　8.重庆市杰出青年科学基金项目申报书　　9.重庆市自然科学基金重点项目申报书　　10.重庆市创新研究群体科学基金项目申报书　　11.科研诚信承诺书　　12.科研项目合作协议　　重庆市科学技术局　　 2019年1月30日
2019-02-20,关于开展2019年度重庆市科技型企业信息填报的通知,http://www.cstc.gov.cn/View.aspx?id=25961,各区县科技行政主管部门，有关企业：　　根据《重庆市科教兴市和人才强市行动计划（2018―2020年）》和《重庆市科技型企业研发统计报表制度》（渝统函〔2018〕8号）要求，为加快培育以科技型企业为支撑、以高新技术企业和高成长性科技企业为骨干的优质市场主体，强化企业技术创新主体地位，决定开展2019年度科技型企业信息填报工作。现将相关事宜通知如下：　　一、填报时间　　2019年2月20日-3月31日。　　二、填报对象　　符合《重庆市科技型企业管理和服务实施细则》（渝科局发〔2018〕8号）规定的企业。　　已纳入“重庆市科技管理信息系统科技型企业子系统”入库管理的科技型企业，账号不变，登录后填报；未注册企业，注册后填报。　　三、填报方式　　从重庆市科技局官方网站“网上服务”栏目，或重庆科技资源共享平台，登录“重庆市科技管理信息系统科技型企业子系统”进行填报。　　四、注意事项　　1.企业应当按期、如实填报相关数据，数据截止时间为2018年12月31日。　　2. 入库科技型企业可享受科技创新券、科技金融服务，以及“重庆市科技资源共享平台”提供的各类科技服务，还可申报各级政府支持企业创新发展的各类项目。　　3. 入库科技型企业应当按要求每年及时更新统计信息，连续两年未及时更新统计信息的，将不再享受重庆科技资源共享平台提供的科技服务。　　　　联系人： 李济 67516527    向彦任 67513887    　　　　　　重庆市科学技术局　　2019年2月20日　　 　　　　附件：　　1. 《重庆市科技型企业管理和服务实施细则》（渝科局发〔2018〕8号）　　2.企业用户操作手册　　3.区县用户操作手册
2019-02-25,关于组织申报2019年重庆市创新方法试点企业的通知,http://www.cstc.gov.cn/View.aspx?id=25962,为贯彻落实《中共中央、国务院关于深化体制机制改革加快实施创新驱动发展战略的若干意见》（中发[2015]8号）和国家科技部、发展改革委、教育部、中国科协《关于加强创新方法工作的若干意见》（国科发财[2008]197号）精神，经研究决定在全市范围内公开遴选2019年重庆市创新方法试点企业。现将有关事项通知如下：　　一、目的意义　　1．为企业培养一批创新工程师、创新培训师、创新咨询师等高素质技术人才，从源头上切实提升企业自主创新能力和核心竞争力。　　2．促进企业新产高价值的专利技术，提高企业抗风险能力。　　3．切实帮助企业解决其技术创新研发难题，有效降低成本，推动企业产生一批创新成果和取得良好的经济效益。　　4．遴选部分优秀企业作为我市示范企业，推荐为国家级标杆、示范备选企业，获得国家层面创新方法工作专项支持。　　二、申报条件　　1．企业须为重庆市内注册的独立法人，承担过或正在承担国家及我市各类科技计划项目。其中行业龙头企业、高新技术企业中建有市级及以上研发平台的科技型企业优先考虑。　　2．企业具有持续创新能力，企业高层对创新方法工作高度重视和大力支持；企业推广应用创新方法的积极性较高。　　3．企业对创新有强烈需求，在相关领域具有一定的优势或较强的发展潜力，有明确的创新方法应用对象；如企业正在开发的新技术、新产品、新工艺，高价值专利技术的储备、关键性技术难题（尝试多种方案后始终无法达到理想效果的行业问题）(以下统称为试点项目）。 　　已经是重庆市创新方法试点示范企业不再重复申报。　　三、申报程序　　1．按要求填写《2019年重庆市创新方法试点企业申请书》（见附件1）和《企业情况调查表》（见附件2），首先报送至所在辖区内科技行政管理部门进行审核，在由各区县统一集中报送，原则上建立了重庆市创新方法推广应用分支基地的区县推荐企业不少于5家，其他区县不少于2家。　　2．重庆高技术创业中心组织专家对申报材料进行综合论证，筛选试点企业初选名单，报市科技局审定。　　3．重庆高技术创业中心与确定的试点企业正式签订试点工作协议。　　四、支持措施　　1．重庆高技术创业中心分期分批免费帮助试点企业进行创新方法系统集中培训，并帮助试点企业组建起企业创新方法应用团队，并指导其开展工作。　　2．对企业所选试点项目进行全程跟踪，组织创新方法专家或专业服务机构对企业技术开发过程中存在的技术难题，提供技术咨询、诊断等服务。　　3．试点企业可免费使用重庆市创新方法应用平台的计算机辅助创新（CAI）软件。　　4．组织试点示范企业参加国内外相关的创新方法培训、会议以及考察、交流等活动，并视情况给予一定经费支持。　　5．通过验收的试点企业颁发《重庆市创新方法试点企业》证书。　　6．协助企业制定创新方法推广应用整体方案，并辅导企业在创新方法导入过程中建立和完善企业创新方法应用的相关制度，形成较为完善的推广应用体系；优先向试点企业发送有关创新方法资料、信息等；优先推荐试点示范企业参加国内外创新方法研讨会、创新方法大赛等；优先推荐刊登国内外创新方法论文、应用案例以及相关宣传刊物，宣传企业创新方法工作中取得的优秀成果。　　五、其他　　1．申报截止时间为2019年4月5日。请各区县科技行政管理部门积极组织有关企业申报，申报材料为书面材料一式3份并附电子版， 报送地址：重庆高技术创业中心（重庆市渝北区黄山大道中段杨柳路2号B塔楼4楼），。　　2．有关创新方法的介绍，请详见重庆创新方法网（http://www.cqhitech.com/）或关注微信公众号cqcxcy。　　3．联系人及联系方式　　联系人：唐先龙 　　电 话：023-68613268，13372607779 　　邮 箱：cqtriz@qq.com　　附件：1.2019年重庆市创新方法试点企业申请书　　 2.企业情况调查表　　　　　　重庆市科学技术局　　二O一九年二月二十日
2019-03-04,关于重庆市新型科技智库申报工作的有关申明,http://www.cstc.gov.cn/View.aspx?id=25975,近日，我局发现一些社会组织利用互联网发布虚假的重庆市新型科技智库申报信息，在社会上造成了不良影响。为以防上当受骗，我局申明如下：　　1.我局关于新型科技智库申报工作的通知只在市科技局门户网站上发布（网址）。　　2.我局从未委托过其他任何组织开展新型科技智库建设试点单位申报等有关工作。　　3.我市新型科技智库建设试点单位申报工作已经结束。　　4.按照国家相关规定，对申报、参与我市新型科技智库建设试点的单位，我局不收取任何费用。　　特此申明。　　　　　　 重庆市科学技术局　　  2019年3月1日
2019-01-31,关于科技计划项目评审验收结果的公示（2019年1月）,http://www.cstc.gov.cn/View.aspx?id=25938,
2019-02-18,重庆市2018年高新技术企业备案的复函,http://www.cstc.gov.cn/View.aspx?id=25958,
2019-02-19,关于申报2019年重庆市科普基地能力提升项目的通知,http://www.cstc.gov.cn/View.aspx?id=25960,各有关单位： 　　为推动我市科普基地能力提升，加快全市科普事业发展，根据《重庆市科技传播与普及专项管理实施细则》有关规定，经研究，决定组织申报2019年重庆市科普基地能力提升项目。现将有关事项通知如下：　　　　2019年2月20日-3月11日　　　　市级科普基地能力提升项目　　　　1. 申报单位须是重庆市级科普基地。　　2. 2018年已实施的市级科普基地能力提升项目。　　3.按照《重庆市科普基地创建及管理办法》《重庆市科普基地年度综合考评方案》相关要求，科普基地管理机制完善，有专兼职科普队伍，2018年在科普活动组织、科普场馆建设、科普宣传等方面有特色、亮点，科普社会效益和经济效益显著。　　4.每个市级科普基地限申报1项。　　考核指标：以《重庆市科普基地创建及管理办法》《重庆市科普基地年度综合考评方案》为主。　　　　项目采取后补助方式。　　　　重点项目每项资助10万元，一般项目每项资助5万元。　　　　1．科普项目通过“重庆市科技管理信息系统”（http://www.csti.cn/govwebnew/index.htm）在线申报。（详见附件2科普项目网上申报操作流程图解）相关附件材料以PDF格式上传，按“项目负责人提交―项目承担单位审核―项目承担单位提交”的流程操作。一旦正式提交，将不予修改、退回。　　2．同时提交项目申报表及相关证明材料纸质件（一份）至市科技局科技项目管理服务中心。项目申报表须在申报系统在线打印（带条形码），并经申报单位和推荐单位加盖公章。　　3．高校、科研院所的科技管理部门负责组织本单位项目申报；企业和其他事业单位申报项目由所在区县科委或上级主管部门进行申报推荐。　　4．本批项目2月20日9:00起开始受理网上申报，3月11日17:00截止申报。纸质申报材料请于3月12日17:00前报送市科技局科技项目管理服务中心。　　　　1.项目牵头单位、项目负责人和项目组成员应当事先在“重庆市科技管理信息系统”中注册备案，且达到社会信用等级和科研信用等级的相关要求。单位须上传社会统一信用代码证书。　　2．申报单位应如实填报相关信息，按要求及时报送有关材料，弄虚作假或逾期不报者按自动退出处理。　　3．申报单位须承诺申报项目开发及应用中无知识产权纠纷，若发生相关纠纷由项目申报单位负责。　　4．在科普项目申报过程中发现存在违规违纪或不当行为，可向市纪委监委驻市科技局纪检监察组书面实名反映有关情况。 　　　　市科技局宣传统战与科普处：李晶 67513757　　市纪委监委驻市科技局纪检监察组：赵小平 67513692　　科技项目管理服务中心：张蕾 67165269，67512869（传真）　　系统与网络技术咨询：赵成钢67511205　　地址及邮编：重庆市渝北区新溉大道2号重庆生产力大厦一楼科技项目管理服务中心（401147）　　附件:1. 重庆市科技传播与普及专项申报表（模板）　　 2. 科普项目网上申报操作流程图解　　　　重庆市科学技术局　　2019年2月19日
2019-02-18,关于2018年重庆市三八红旗手（集体）正式推荐对象的公示,http://www.cstc.gov.cn/View.aspx?id=25959,根据重庆市人力资源和社会保障局、重庆市妇女联合会《关于评选表彰重庆市三八红旗手标兵三八红旗手三八红旗集体的通知》（渝人社发〔2018〕234号）精神，经市评选领导小组办公室评审会研究，拟正式推荐重庆生产力促进中心党办副主任洪梅同志、市药物种植研究所中药材规范化生产研究中心高级农艺师韩凤同志为“重庆市三八红旗手”，市中药研究院中药制剂研究所为“重庆市三八红旗集体”。现将拟推荐对象予以公示，先进事迹材料附后。　　一、公示时间：　　2019年2月18日―2月22日（五个工作日）。　　二、公示要求　　反映情况和问题必须实事求是，并应签署或告知真实姓名、工作单位和联系方式，相关管理部门将严格保密并及时查证。对线索不清的匿名信和匿名电话，公示期间不予受理。　　受理单位：驻市科技局纪检监察组、市科技局组织人事处　　电话：67513576、67512020；邮编：401147　　地址：重庆市渝北区新溉大道2号 　　　　重庆市科技局　　          2019年2月18日　　重庆市三八红旗手（集体）推荐对象先进事迹　　　　（一）洪梅   重庆生产力促进中心党办副主任　　该同志2008年参加工作，2010年进入重庆生产力促进中心，历任资源共享服务中心副主任和党办副主任（主持工作）。一直以来工作勤勤恳恳，认真负责。在资源共享服务中心任职期间，是重庆科技共享平台建设主要参与者之一，负责设计和运行科技文献资源的共建共享工作，促进了重庆科技平台基础设施的发展。担任党办副主任（主持工作）期间，创新党务和人事工作方式方法，出台和完善中心人才管理、培养、考核、激励等一系列规定，为单位可持续发展提供了有力的制度保障。　　（二）韩凤  市药物种植研究所中药材规范化生产研究中心高级农艺师　　该同志在本职工作岗位上兢兢业业，尽职尽责，一直扎根山区，致力于中药材栽培研究，主持、主研和参研各级项目20余项（次），其中获得省部级、厅局级奖16项（次），在各级刊物公开发表论文40余篇，参编专著6部，获授权专利6项。建立中药材示范基地5000余亩，累计推广7万余亩；建立中药材优质种源快繁示范基地700余亩，推广5000余亩，发放技术资料3000余册，培训药农3600余人。同时，履行了一名基层人大代表的职责，为我市中药材种植技术的推广应用做出了突出贡献。　　（三）重庆市中药研究院中药制剂研究所　　重庆市中药研究院中药制剂研究所现有干部15人，其中女性10人，在李胜容所长（女）的带领下，全所干部自觉加强职业道德修养，在思想道德上严格要求，在遵纪廉政上严格自律，在履行岗位职责上认真负责，在作风上遵章守纪、团结协作、求真务实、乐观上进。近年来该所完成17025项认证，真抓实干踏实做好科学研究，用自己的辛勤汗水和优良实绩向研究院交了一份满意的答卷。该科室作为单位科研管理核心职能部门，对上提供可供决策的各项科研活动的有力数据支撑，对下组织各项科研活动有条不紊开展；对外积极对接各级业务部门落实管理制度精神，对内组织协调各业务部门日常科研管理，科室全体女职工能做到恪尽职守尽本职、忠于职守创事业、甘于奉献讲作风，真干实干出实效；严格执行法律、法规及各项规章制度，完善本单位制度管理，有序推进符合单位发展需求的各项科研管理和科技服务保障工作。组织开展全国中医药继续教育、科普教育、学术交流讲座及专家对接等，积极助力单位科研优势与科技成果对接与应用传播，对外树立了良好形象。
2019-02-15,重庆市科学技术局关于印发《重庆市科研项目管理办法》的通知,http://www.cstc.gov.cn/View.aspx?id=25942,各区县科技行政主管部门，在渝高等学校、科研院所，有关单位：　　 《重庆市科研项目管理办法》已经重庆市科学技术局2018年第5次局长办公会审议通过，现予印发。　　　　　　　　           重庆市科学技术局　　        2019年2月15日　　　　　　重庆市科研项目管理办法　　　　第一章  总 则　　 第一条  为贯彻落实《国务院关于优化科研管理提升科研绩效若干措施的通知》（国发〔2018〕25号）文件精神，进一步规范科研项目管理，根据中共中央办公厅、国务院办公厅《关于进一步完善中央财政科研项目资金管理等政策的若干意见》和《关于深化项目评审、人才评价、机构评估改革的意见》，以及市委办公厅、市政府办公厅《关于进一步完善我市财政科研项目资金管理等政策的实施意见》有关要求，制定本办法。　　 第二条  本办法所称重庆市科研项目（以下简称项目）是指市科学技术局（以下简称市科技局）根据全市经济社会发展和科技创新需要，利用市级财政科技发展资金资助的科学技术研究开发活动。　　 第三条  本办法坚持“权责清晰、配置科学、管理透明、程序规范、监督有力”的原则，适用于项目申报、立项、实施、结题等组织与管理工作。　　　　第二章  项目管理与实施主体　　 第四条  项目的组织实施与管理由市科技局、项目承担单位、项目组成员、科技咨询专家、第三方机构共同完成。　　项目承担单位、项目组成员和科技咨询专家应当在“重庆市科技管理信息系统”（以下简称科技管理系统）中注册备案，且达到社会信用等级和科研信用等级的相关要求。申报项目的企业原则上应符合重庆市科技型企业标准，并在“重庆市科技型企业管理信息系统”中完成入库注册。　　 第五条  市科技局负责统筹制定项目管理制度规范，统筹发布项目指南、配置项目经费和下达立项计划，统筹组织第三方机构的遴选、管理、监督，统筹实施项目经费的使用监督、绩效评价等项目管理重大事项，统筹推进科研诚信、科技报告、科学数据等项目综合监管体系建设。　　 第六条  项目承担单位应当是具有独立法人资格的企业、高等学校、科研院所等单位或其他具有科研和科技服务能力的机构，分为项目牵头单位（含独立申报与实施项目的单位）和项目参与单位。　　 项目牵头单位须是重庆市行政区域内设立、登记、注册的法人组织，应当在相应研究领域具有技术优势和与项目相关的研究经历，具有必备的人才条件、技术装备、资金保障及组织管理、协调能力；应当制订和落实本单位项目管理和经费管理制度规范，落实项目实施的基本保障条件，协调管理项目任务的组织实施与重要事项，审核并提交真实、有效的项目资料及其证明材料，采集并上报科学数据和科技报告，依法依规调整项目预算。　　 项目参与单位可以是市内外的法人组织，通过与项目牵头单位签订协议，以合作方式联合申报和实施项目，并承担相应责任和义务。　　 第七条  项目组成员包括项目负责人和项目参与人。　　项目负责人应当具有统筹组织开展项目研究的能力，须是项目牵头单位的在职人员，主要负责牵头制订具体项目实施方案并组织实施，按规定安排和使用项目经费，向项目牵头单位及时报告有关情况，协调解决项目实施中的相关问题，按要求撰写、提交和归档科技报告、科学数据等项目相关资料。　　项目参与人是参与项目实施的相关人员，按照项目实施方案开展相关研究工作。　　第八条  科技咨询专家是指接受政府部门委托或受托第三方机构邀请，对项目指南编制、受理审查、立项评审、过程管理、结题验收、经费审计、绩效评价等事项，提出咨询论证意见供项目管理与决策参考的专业技术人员或综合管理人员。　　 科技咨询专家应当具有良好的科学道德和职业道德，熟悉本领域或行业的科技经济发展状况，了解科技活动的特点与规律，能够独立、客观、公正地提供咨询论证意见，严守项目申报主体的技术秘密和商业秘密，并及时更新专家库个人真实信息。　　 与项目承担单位或项目组成员存在利害关系的，应主动声明并回避。存在不良科研诚信记录的，以及其他情况不宜提供咨询论证意见的，不得作为科技咨询专家选聘。　　 评审专家组由不少于3人且为奇数的成员构成，专家遴选应当兼顾领域、结构合理，选取活跃在生产、科研一线的专家参与评审。　　 第九条第三方机构是指接受市科技局委托，并按相应要求开展项目管理、经费审计和绩效评价等服务工作的法人组织。　　 第三方机构应当公平、公正、客观的实施受托事项，制订受托管理事项的具体操作规则、工作纪律和服务规范，并负责相关资料的归档和管理工作。　　　　第三章  项目设置　　第十条  项目分为基础研究与前沿探索专项（自然科学基金）、技术预见与制度创新专项、技术创新与应用发展专项三个类别。　　第十一条  基础研究与前沿探索专项（自然科学基金）主要面向科技前沿，聚焦全市经济社会发展的基础性、战略性、前瞻性科学问题，支持科研人员开展创新性基础研究与应用基础研究。　　基础研究与前沿探索专项（自然科学基金）设置自然科学基金面上项目（含先锋科学基金项目，以下简称面上基金项目）、博士后科学基金项目（以下简称博士后基金项目）、杰出青年科学基金项目（以下简称杰青项目）、自然科学基金重点项目（以下简称重点基金项目）、创新研究群体科学基金项目（以下简称创新群体项目）。　　基础研究与前沿探索专项（自然科学基金）申报主体一般为高等学校、科研院所和具备条件的企业。财政科研经费一般采取“事前资助”方式拨付。 　　（一）面上基金项目主要瞄准科技前沿，围绕全市经济社会发展中的前沿关键科学技术问题，支持科研人员开展原始创新和自由探索。重点支持40岁以下青年科研人员开展基础科学研究。　　面上基金项目采取“择优推荐、竞争立项、审核验收”的方式组织实施；资助强度一般为10万元/项；实施周期一般不超过3年。　　面上基金项目中可以探索实施先锋科学基金项目，支持科研人员挑战传统科学范式，开展创新性强、风险性高、实现难度大，具有不确定性和颠覆性的新理论、新方法和新技术的原创研究和探索研究。　　（二）博士后基金项目以培养基础研究后备拔尖人才队伍为目标，支持在站博士后科研人员自主开展探索性、原创性研究，或者在博士学位论文研究基础上开展延续和深化研究。　　博士后基金项目采取“进站申报、专家评议、审核验收”的方式组织实施，资助强度一般为10万元/项；同一申请人只能获得1次资助；实施周期一般不超过2年。　　（三）杰青项目以培育国家高层次科技人才为目标，支持在基础研究领域已取得突出成绩的40岁以下青年学者，立足科学前沿，自主选择研究方向开展创新研究。　　杰青项目采取“条件申报、竞争立项、评审验收”的方式组织实施，资助强度一般为50万元/项；实施周期一般不超过3年。　　（四）重点基金项目须聚焦重点行业产业领域关键核心技术的应用基础研究和前沿探索，支持高等学校、科研院所、企业科研人员联合围绕关键科学技术问题开展具有颠覆性的重大原创性研究和系统、深入的应用基础研究，着力实现前瞻性基础研究、引领性原创成果重大突破。　　重点基金项目采取“需求引导、条件申报、竞争立项、评审验收”的方式组织实施，资助强度一般为80万元/项；实施周期一般不超过3年。　　（五）创新群体项目主要面向重大科技基础设施、国家重点实验室、省部级重点实验室、市级重点实验室等创新基地研究团队，聚焦重大原创性、交叉学科创新等研究，培养和造就某一领域内创新能力强，在国际独树一帜、在国内绝对领先的研究人才与群体。　　创新群体项目采取“条件申报、竞争立项、稳定支持、绩效评价”的方式组织实施，实施周期一般不超过4年，资助强度不超过200万元/项。　　第十二条  技术预见与制度创新专项主要聚焦全市国民经济和社会发展重点领域，开展技术动态及趋势、技术布局、技术选择、技术路径等技术预见研究，或重点围绕全面深化改革，开展与技术创新和科技管理紧密相关的公共服务、商业模式、科技金融、社会治理、司法保障体制机制等制度创新研究，着力强化决策咨询服务。　　技术预见与制度创新专项申报主体一般为新型智库、专业研究机构、高等院校和科研院所，技术预见类项目原则上由技术战略联盟单位申报，制度创新类项目原则上须与决策部门联合申报。财政科研经费一般采取“事前资助”方式拨付。 　　技术预见与制度创新专项设置面上项目和重点项目。　　（一）面上项目主要针对经济社会发展重点领域，开展技术预见和管理创新研究。按照“条件申报、竞争立项、审核验收”的方式组织实施，资助强度一般为10万元。　　面上项目的考核目标以决策建议、技术规划、技术报告等为主；实施周期一般不超过半年。　　（二）重点项目主要聚焦科技发展战略和深化改革重大问　　题，以及具有基础优势和科研特色的科技智库实施的研究项目，原则上采取公开招标、定向委托或定向择优的方式组织实施，资助强度一般为20万元。　　重点项目的考核目标以决策建议、技术规划、技术报告等为主；实施周期一般不超过半年。　　第十三条  技术创新与应用发展专项坚持应用导向和问题导向，强化企业的技术创新主体作用和产学研协同创新，促进科技成果转化应用，为推动高质量发展和创造高品质生活提供科技支撑。　　技术创新与应用发展专项设置面上项目和重点项目。鼓励产学研单位联合申报。体现市场导向、由企业牵头或参与实施的项目，财政科研经费按照研发总投入的一定比例限额资助；体现政府目标导向的社会公益研究，财政科研经费全额资助。　　（一）面上项目主要面向行业产业发展需求和社会公益需求开展技术研发与应用，突出方向引领，侧重面上培育和布局。　　面上项目采取“自由申报、竞争立项、审核验收”的方式组织实施，资助强度为10万元/项或20万元/项，财政科研经费一般采取“事前资助”方式拨付。　　面上项目的考核目标以主要技术指标、经济效益和社会效益等代表性成果为主；实施周期一般不超过2年。　　（二）重点项目主要聚焦重点行业产业领域关键核心技术瓶颈问题和重大社会公益需求，开展产学研协同创新，强化技术集成和规模化应用，突出新技术、新工艺（方法）、新产品在行业产业发展中的支撑引领作用。　　重点项目采取“需求引导、公开申报、竞争立项、评审验收”的方式组织实施，资助强度为50万元至500万元/项，财政科研经费采取“事前资助”与“验收后补助”相结合的方式拨付。　　 重点项目的考核目标以关键核心技术指标、经济效益和社会效益等代表性成果为主；实施周期一般不超过3年。　　第十四条  按照“总体设计，分步实施”的原则，技术创新与应用发展专项重点项目根据需要可以采取重大主题专项的形式组织实施。重大主题专项应着眼于全市重点行业产业发展需求，聚焦新兴产业培育，突出重大共性关键技术研发和重大创新产品开发，针对某一重点行业产业领域单独发布申报指南并组织实施。　　 重大主题专项一般应当具有以下实施条件：　　 （一）全市国民经济和社会发展规划中确定的重点领域。　　 （二）对全市重点产业行业具有支撑引领和示范带动作用。　　 （三）实施内容应围绕主题目标，具有技术关联性或产业链上下游关系。　　 （四）项目牵头单位应当是全市行业龙头企业或关键技术支撑单位。　　　　第四章  项目申报　　第十五条  市科技局根据全市重大战略部署、中长期科技创新规划和年度科技工作重点，组织编制年度项目申报指南，广泛征求意见后按规定程序公开发布。　　市科技局可以采取部门科技会商、市区（县、自治县）科技会商方式，形成项目申报指南，由市级行业主管部门或区（县、自治县）科技行政主管部门推荐申报；也可以根据年度重点工作任务，确定项目目标任务，采取公开招标的方式组织申报。　　第十六条  市科技局每年按项目类别统一发布下一年度的项目申报指南。项目申报时间一般不少于30天。　　第十七条  具有条件的高等学校、科研院所和企业，可以与市科技局联合实施项目，须按一定比例匹配项目研发经费。　　第十八条项目申报应当遵循以下要求：　　（一）申报书的目标任务设定应当具有可考核性，符合项目定位和申报指南的要求。　　（二）项目负责人申请项目和主持在研项目不超过1项，项目参与人参与申请项目和在研项目不超过2项。　　（三）项目没有获得过财政资金资助。　　（四）项目单位没有逾期一年以上未结题项目。　　（五）没有因不良科研诚信记录涉及的限制申报情况。　　第十九条  项目申报材料须经项目牵头单位审核后在线提交至科技管理系统。经审核后的纸质申报材料，在规定时间内签字盖章后报送。　　第二十条  对完成系统网上申报的项目，市科技局根据项目申报通知及申报指南要求，对项目申报资料的完整性、规范性、与申报指南的相符性等内容进行形式审查，经形式审查合格的项目进入项目评审流程。　　第二十一条  根据年度工作重点和财政预算安排，市科技局可以对项目申报单位和项目申报人的申报条件，以及项目申报单位的项目申报数量作出具体规定。　　　　第五章  评审与立项　　第二十二条  项目评审按照公平、公正、公开的基本原则，由市科技局组织或委托第三方机构具体实施。　　项目评审根据项目的类别定位和实施要求分别制订评审方案，可以采取通讯评审、会议评审等评审组织形式。　　   第二十三条  专家评审可采取计分制、票决制、综合评议等方式。竞争立项的项目，原则上采取计分制或票决制的方式确定立项项目。定向择优或定向委托的项目，可采取综合评议的方式确定立项项目。　　由政府主导、组织程度较高、优势承担单位集中的重点项目，可采取定向择优或定向委托的方式确定项目承担单位。　　 第二十四条  市科技局根据年度工作重点和财政预算安排，结合项目立项评审结果，确定当年拟立项项目。　　 第二十五条  项目承担单位和负责人可以通过科技管理系统对所申报项目的专家评审意见和评审结果进行查询。　　 对拟立项的项目，由市科技局在门户网站上进行公示，公示期为5个工作日。　　第二十六条  通过公示的项目，项目牵头单位和项目负责人应当根据市科技局通知要求，在规定时间内提交项目任务书。逾期未提交的，视为自动放弃。　　项目任务书是项目验收结题、绩效评价、终止实施、抽查检查等科技管理活动的基本依据。项目任务书内容以申报书内容为主要依据，应当明确项目实施内容、实施期限、任务分工、经费分配和成果权益等内容，要有科学、合理、具体的项目绩效目标和适用于考核的结果指标，明确约定科研诚信义务和违约责任追究条款，以及项目实施主体的各项权利义务。　　 第二十七条  对已签订任务书的项目，由市科技局会同市财政局下达立项计划。　　　　第六章  过程管理　　第二十八条  项目承担单位应当认真履行项目任务书的各项约定，按照“强化法人责任、规范资金管理、突出过程服务”的原则组织实施项目，切实履行项目管理主体职责，建立健全包括预算调剂、经费监管等在内的项目过程管理工作机制和制度体系，按照国家和我市有关规定提交科技报告和汇交科学数据。　　项目实施过程中，由项目牵头单位在规定范围内审批和履行项目预算调整。　　 第二十九条  项目实施过程中，项目牵头单位原则上不得变更。出现下列情形之一的，项目牵头单位应当及时向市科技局提出书面申请，经审核同意后，在科技管理系统中填报并提交补充任务书：　　 （一）变更项目考核指标的。　　 （二）项目负责人、项目参与单位发生变更的。　　 （三）延长项目实施期限的可申请延期1次，延长时间最长不超过1年。　　 （四）遇有项目发生其他重大情形的。　　第三十条  项目承担单位应当按规定制定本单位相应管理办法，落实项目预算调剂、间接费用统筹使用、结余资金使用、内部风险防控等管理责任，科研项目负责人可以根据项目需要，按规定自主组建科研团队，并结合项目实施进展情况进行相应调整。科研人员可以在研究方向不变、不调减考核指标的前提下自主调整研究方案和技术路线。对不属于市科技局审核的调整变更事项，由项目承担单位按照内部管理制度审批和处置后备查。  　　第三十一条  项目实施周期内，因故不能正常实施的项目，可以主动申请终止。　　 第三十二条  有下列情形之一的，项目单位应当主动申请终止项目：　　 （一）因不可抗拒因素或受现有水平和条件限制，致使项目不能继续实施或难以完成任务书目标任务的。　　 （二）因项目研究开发的关键技术已由他人公开、市场发生重大变化等原因，致使项目研究开发工作成为不必要的。　　 （三）因项目负责人死亡、重大伤残、出国（境）、工作调动、违法犯罪等原因，导致项目无法进行，且无合适的项目负责人可替代的。　　 （四）项目牵头单位发生重大经营困难、兼并重组等变故，不能继续实施项目的。　　 （五）遇有导致项目不能正常实施的其他情形。　　 第三十三条  属下列情形之一的，市科技局可强制终止项目，并对项目牵头单位和项目负责人进行科研信用记录： 　　（一）经核实项目牵头单位或项目负责人发生重大变故，导致项目目标任务无法实现或项目无法继续实施的。　　 （二）项目未通过验收，且经公示期满无异议的。　　 （三）项目逾期未结题时间超过6个月的。　　 （四）经核实在项目申报、项目实施过程中有违纪违规和弄虚作假行为的。　　 （五）因知识产权不清晰，有严重知识产权纠纷或者侵权行为，经调解等方式无法解决问题，导致项目无法进行的。　　第三十四条  终止实施的项目，由市科技局在门户网站上进行公示，公示期为5个工作日。对公示无异议的项目，由市科技局向项目牵头单位发出项目终止书面通知，同时委托第三方机构对项目经费进行财务审计与清算，并根据审计结果出具书面处理决定。　　第七章  验收与结题　　 第三十五条  项目验收与结题包括财务验收和任务验收。财务验收由项目承担单位自行组织实施或者委托第三方机构实施。　　 第三十六条  任务验收以项目任务书确定的目标任务和考核指标为基本依据，根据项目类别可采取审核验收、评审验收等验收方式。审核验收由市科技局或者具备条件的项目承担单位组织实施，评审验收由市科技局委托第三方机构组织实施。　　 第三十七条  在项目任务书约定的完成时间内，项目负责人应当按相关要求通过科技管理系统提交验收材料，同时提交科技报告和科学数据。项目牵头单位应当对项目验收提交的所有材料的真实性、完整性进行审核。　　 提交的验收材料应包括：项目结题自评估报告（含经费决算表）、科学数据、科技报告、相关证明材料（如法定检测报告、用户意见、应用证明、第三方验证证明、经费决算证明等）。　　 第三十八条  对符合验收要求的项目直接进入验收流程；不符合验收要求的，项目牵头单位应当补充完善相关材料，再进入验收流程。　　 对采取审核验收的项目，由市科技局或者项目承担单位审核项目完成情况，并将审核验收结果告知项目负责人。　　对采取评审验收方式的项目，由评审专家组将验收结果告知项目承担单位和项目负责人。　　结题验收应重点考核评价项目代表性成果的质量、贡献和影响。　　 第三十九条  项目验收结果分为“通过验收”和“不通过验收”两种情况。　　 凡具有下列情形之一，为不通过验收：　　 （一）未完成项目任务书约定的考核指标的。　　 （二）提供的验收材料及其证明材料不真实的。　　 （三）项目任务变更未履行相关程序的。　　 （四）科技报告和科学数据不符合有关要求的。　　 项目承担单位及负责人可以通过科技管理系统查询所承担项目的专家验收意见和验收结果。  　　第四十条  项目验收结果由市科技局在门户网站上进行公示，公示期为5个工作日。　　公示期内无异议的项目，验收结果为“通过验收”的，市科技局应当向项目牵头单位出具结题验收确认单并销号；验收结果为“不通过验收”的，强制终止项目，并由市科技局委托第三方机构进行财务审计与清算，并根据审计结果出具书面处理决定。　　　　第八章  经费管理与绩效评价　　 第四十一条  项目承担单位应当切实履行项目管理主体责任，并建立和完善相应管理制度。项目实施过程中，在规定范围内，由项目牵头单位审批和履行项目预算调整。　　 第四十二条  根据项目类别，市科技局可采取“事前资助”或“验收后补助”等方式拨付项目科研经费；“验收后补助”经费由项目承担单位按照财政科研经费的相关管理规定统筹用于研发活动，原则上以科研项目形式实施。　　 以“事前资助”为主的科研项目，项目经费原则上事前一次性拨付；以“事前资助”和“验收后补助”相结合的科研项目，“事前资助”经费拨付比例根据年度工作重点和财政预算安排确定；涉及“验收后补助”项目但未通过验收的项目，不予拨付相应后补助经费。　　 第四十三条  通过验收的项目，结余资金在2年内由项目承担单位统筹安排用于科研活动的直接支出；2年后未使用完的，按规定收回。　　第四十四条 项目经费必须实行单独核算、专款专用。终止实施和验收结果为“不通过验收”的项目，由市科技局委托第三方机构进行财务审计与清算，并根据审计结果出具书面处理决定。项目承担单位应当按规定退回结余资金和违规使用的资金。　　第四十五条 对目标任务完成好、绩效评价优秀的科研项目，可采取滚动支持的方式安排财政科研经费。　　第四十六条 按照分类评价的原则，市科技局委托第三方机构对各类别项目的实施情况开展综合绩效评价。评价结果作为各类别项目财政预算安排的参考依据。　　第四十七条 根据项目的类别特点，分别设置绩效评价指标体系，主要包括技术指标、经济指标或社会效益指标，重点评价财政资金的使用效率、使用效益和规范性。　　第九章  综合监督　　第四十八条  项目管理全流程实行信息化记实管理，项目承担单位和项目负责人可以通过科技管理系统对项目执行进度与状态进行跟踪与查询。在项目组织实施的关键环节，科技管理系统自动推送相关管理与服务信息。　　第四十九条  实行项目抽查监督。按照“双随机、一公开”的原则，市科技局或委托第三方机构，对各类科技计划项目进行抽查，抽查结果纳入科研诚信管理，并面向社会进行公开。　　  第五十条  建立项目争议处置机制。对拟立项项目、项目评审或者项目验收结果有异议的，可在公示期内实名向市科技局提出书面意见，市科技局经调查核实后依法依规处理。　　 第五十一条  建立项目容错机制。对探索性强、风险性高的项目，因关键技术、市场前景、产业政策等发生重大变化或其他不可抗拒的原因造成项目终止，且原始记录能够证明项目承担单位和项目负责人已经履行了勤勉责任义务的，不进行科研诚信记录。　　第五十二条  建立社会监督机制。在项目立项评审和项目结题验收等重要环节，邀请人大代表、政协委员和科研人员代表参与监督，对立项和验收结果、专家评审意见等内容进行公开公示，广泛接受社会监督，实现评审全过程的可申诉、可查询、可追溯。　　第五十三条  建立以信任为前提的科研管理机制。实行科研诚信承诺制度，强化科研诚信审核和责任追究，坚持自律与监督并重，严肃查处违背科研道德和伦理的不端行为，营造诚实守信、追求真理、崇尚创新、勇攀高峰的科研氛围。　　实行科研诚信分类分级管理。对项目承担单位、项目组成员、科技咨询专家、第三方机构等项目管理与实施责任主体的不端与失信行为进行科研诚信记录，根据具体情况在一定期限、一定范围内限制其申请财政科技发展资金；严重失信的，实行联合惩戒，并依法依规终身追责。　　　　第十章  附则　　第五十四条  各专项可以根据本办法制定实施办法或实施细则。　　第五十五条市科技局根据全市科技创新需要设立的其他专项项目、区（县、自治县）科技行政管理部门组织实施的科研项目，可以参照本办法执行。　　 第五十六条  本办法自发布之日起施行。《重庆市科研项目管理办法》（渝科委发〔2018〕9号）同时废止。　　　　　　　　　　　　　　 抄送：市级相关部门。　　　　 重庆市科学技术局办公室                   2019年2月15日印发
2019-03-07,关于转发第七届中国TRIZ杯大学生创新方法大赛的通知,http://www.cstc.gov.cn/View.aspx?id=25979,各参赛高校及相关单位：　　现将中国TRIZ杯大学生创新方法大赛组委会《关于举办第七届中国TRIZ杯大学生创新方法大赛的通知》转发给你们，请按照通知要求执行。　　请各参赛联络人报送参赛材料时抄送一份电子版至重庆市创新方法大赛组委会（设在重庆高技术创业中心）邮箱cqtriz2018@qq.com备案。　　重庆市创新方法大赛组委会联系人：唐先龙；　　联系电话：023-68613268，13372607779。　　　　　　重庆市科学技术局　　2019年3月5日
2019-03-11,重庆市科学技术局（原重庆市科学技术委员会）2019年部门预算情况说明,http://www.cstc.gov.cn/View.aspx?id=25983,一、单位基本情况　　（一）职能职责。　　市科技局作为市政府组成部门，主管全市科技行政管理工作。主要通过统筹配置科研项目、科技人才、科研平台、科技金融和科技政策等科技创新资源，着力培育创新主体、搭建创投体系、营造创新氛围、实施创新研发项目。以提升科技创新能力为核心,引导全社会加大R&D 投入，积极构建区域科技创新体系;以大数据智能化为引领，积极培育新兴产业、提升传统产业、探索未来产业，不断促进科技惠及民生。同时，持续深化科技体制改革，完善财政科技计划体系，优化科技资源配置，强化科研诚信、绩效评估等综合监管措施，确保财政科技资金使用效率和使用效益。　　2018年，根据市委《关于印发〈重庆市机构改革方案〉的通知》（渝委发〔2018〕53号）精神，组建重庆市科学技术局，加挂市外国专家局牌子，同时将原重庆市科学技术委员会直属单位市知识产权局划转重庆市市场监督管理局。按照市委办公厅、市政府办公厅《关于印发〈重庆市科学技术局职能配置、内设机构和人员编制规定〉的通知》（（渝委办发〔2019〕33号））精神，重庆市科学技术局设置办公室、战略规划处、政策法规处、资源配置与管理处等15个内设机构，按规定设立机关党委和离退休人员工作处。　　（二）单位构成。　　市科技局系统共有预算单位14家（含科技局机关和归口管理的二级预算单位）。其中：行政单位1家、参照公务员管理的事业单位1家、全额拨款的公益性事业单位4家、转制科研单位8家。　　二、部门预算情况说明　　2019年一般公共预算财政拨款收入146891.28万元，一般公共预算财政拨款支出146891.28万元，比2018年增加18664.45万元。其中：基本支出20922.28万元，比2018年增加1381.45万元，主要是正常调资和人员招录等原因，基本支出主要用于保障在职人员工资福利及社会保险缴费，离休人员离休费，退休人员补助以及保障部门正常运转的各项商品服务支出；项目支出125969万元，比2018年增加17283万元，主要原因是：为深入贯彻落实市委市政府创新驱动发展战略部署，促进新旧动能转换，助推我市经济高质量发展，打造高品质生活，围绕“三大攻坚战”、“八项行动计划”财政加大了科技发展专项资金重点项目投入力度，项目支出主要用于创新主体培育、创投体系搭建、创新生态营造和创新研发项目四个方面，重点安排用于以下内容：　　通过实施科研院所绩效激励引导专项、科研机构研发投入补助等政策，激励各类创新主体加大研发投入，补齐R&D投入短板，提升区域创新能力。2019年，还将新增科技型企业升规建立研发中心激励，进一步激发全社会投入科技创新。预计2019年，我市R&D投入强度达到2.0以上，到2020年有望超过全国平均水平。　　以智能制造促进汽车、电子信息和装备制造等传统产业的改造升级，推动传统产业实现数字化、网络化、智能化融合发展，实施一批重点示范项目；积极培育智能产业，围绕大数据、人工智能、集成电路、生物医药、新能源等重点产业，组织实施一批重点研发项目，切实解决一批关键核心技术问题，统筹配置科研项目、科技平台、科技人才、科技金融等创新资源，通过定向组织、对接国家、悬赏奖励、推荐支持、联合资助等组织实施方式，构建关键核心技术攻坚体制，切实加快新旧动能转化。　　。集聚创新要素、整合创新资源，深入实施“重庆市与知名院校开展技术创新合作专项行动”，全面对接中科学、工程院、军工集团等国内高端创新资源，加强与匈牙利、俄罗斯、乌克兰、新加坡等“一带一路”沿线国家科技创新合作，重点引进和落地一批新型高端研发机构、联合研发中心和成果转化基地。　　。聚焦智慧城市建设，开展大数据智能化技术应用示范，实施智慧交通、智慧旅游、智慧教育、智慧医疗、智慧家居等重点示范工程，提升城市管理服务智能化水平，让人民群众更好地感受智慧愿景、享受智慧生活，打造高品质生活；促进农业农村现代化，实施乡村振兴科技创新工程，建设一批创新型县、创新型乡镇和科技创新示范村，为乡村振兴、精准脱贫等提供强大科技支撑。同时，统筹推进人口健康、生态环境、公共安全和文化旅游等社会事业全面发展，提升人活水平与幸福指数。　　。充分发挥科技平台对技术创新的重要支撑作用，围绕大数据智能化、集成电路、装备制造、人口健康、生态环保等重点领域，布局和培育一批市级重点实验室、技术创新中心等市级科技创新基地，建立基于绩效评估的滚动支持机制；对落地的国家重点实验室、国家临床医学研究中心、国家技术创新中心等国家级科技创新基地，给予持续稳定的经费投入。　　。瞄准世界科技前沿，聚焦全市产业发展的基础前沿关键问题和优势学科发展方向，设立重庆市自然科学基金项目。通过设立自然科学基金面上项目、先锋科学基金项目、博士后科学基金项目、杰出青年科学基金项目、自然科学基金重点项目、创新研究群体科学基金项目等项目类型，支持科研人员开展原始创新和自由探索，着力实现前瞻性基础研究、引领性原创成果重大突破，增强源头创新能力。鼓励颠覆式创新，探索非共识项目支持机制。　　实施科技创新领军人才、创新创业示范团队计划，重点培育科技创新、科技创业、科技创投和创新创业示范团队等高层次创新创业人才队伍。选派一批科技特派员，开展乡村振兴和科技扶贫精准任务。在基础科学和前沿技术研究领域，重点培育杰出青年科学家、博士后、创新群体等高层次创新人才队伍。　　。围绕装备制造、生物医药、电子信息等，布局一批科技军民融合协同创新平台，联合实施科技军民融合协同创新项目，打造中国国际军民两用技术博览会品牌，形成在全国最有影响力军民融合展会品牌，协调整合军地科研、教育、人才、设备等资源，加快军民融合创新示范区建设。　　重庆市科学技术局2019年未使用政府性基金预算拨款安排的支出。　　三、“三公”经费情况说明　　2019年“三公”经费预算433.8万元，比2018年减少2万元。其中：因公出国（境）费用140万元，比2018年无增减；公务接待费135.8万元，比2018年减少1万元；公务用车运行维护费158万元，比2018年减少1万元；公务用车购置费0万元,与上年持平。主要原因是市科技局进一步加强内控管理，坚决贯彻中央八项规定，严格控制各项费用报销，厉行节俭，公务接待、公务用车费用逐年降低。　　四、其他重要事项的情况说明　　1、机关运行经费。市科技局机关、市知识产权局(参公管理事业单位)的一般公共预算财政拨款运行经费931.85万元，比上年减少8.62万元，主要原因是进一步加强内部管理，厉行节俭，全面缩减各项运行支出。运行经费主要用于办公费、印刷费、邮电费、水电费、物管费、差旅费、会议费、培训费及其他商品和服务支出等。　　2、政府采购情况。所属各预算单位一般公共预算财政拨款政府采购预算总额0万元，主要原因是政府采购多为零星办公用品，未达到市财政局关于政府采购额度要求，故金额为零。　　3、绩效目标设置情况。2019年项目支出均实行了绩效目标管理，涉及一般公共预算当年财政拨款125969万元。　　4、国有资产占有使用情况。截止2018年12月，所属各预算单位共有车辆27辆，其中一般公务用车26辆、执勤执法用车1辆。2019年一般公共预算安排购置车辆0辆，其中一般公务用0辆、执勤执法用车0辆。　　　　部门预算公开联系人：刘 念     联系方式：023-67515873
